
PROJECT.elf:     file format elf32-avr

Sections:
Idx Name          Size      VMA       LMA       File off  Algn
  0 .data         000001e8  00800100  00001586  0000161a  2**0
                  CONTENTS, ALLOC, LOAD, DATA
  1 .text         00001586  00000000  00000000  00000094  2**1
                  CONTENTS, ALLOC, LOAD, READONLY, CODE
  2 .bss          00000083  008002e8  008002e8  00001802  2**0
                  ALLOC
  3 .comment      00000030  00000000  00000000  00001802  2**0
                  CONTENTS, READONLY
  4 .note.gnu.avr.deviceinfo 00000040  00000000  00000000  00001834  2**2
                  CONTENTS, READONLY
  5 .debug_aranges 00000238  00000000  00000000  00001878  2**3
                  CONTENTS, READONLY, DEBUGGING
  6 .debug_info   000027c4  00000000  00000000  00001ab0  2**0
                  CONTENTS, READONLY, DEBUGGING
  7 .debug_abbrev 00000e27  00000000  00000000  00004274  2**0
                  CONTENTS, READONLY, DEBUGGING
  8 .debug_line   0000164e  00000000  00000000  0000509b  2**0
                  CONTENTS, READONLY, DEBUGGING
  9 .debug_frame  000004e8  00000000  00000000  000066ec  2**2
                  CONTENTS, READONLY, DEBUGGING
 10 .debug_str    00000e17  00000000  00000000  00006bd4  2**0
                  CONTENTS, READONLY, DEBUGGING
 11 .debug_loc    00000cbe  00000000  00000000  000079eb  2**0
                  CONTENTS, READONLY, DEBUGGING
 12 .debug_ranges 000001a8  00000000  00000000  000086a9  2**0
                  CONTENTS, READONLY, DEBUGGING

Disassembly of section .text:

00000000 <__vectors>:
       0:	0c 94 68 00 	jmp	0xd0	; 0xd0 <__ctors_end>
       4:	0c 94 94 07 	jmp	0xf28	; 0xf28 <__vector_1>
       8:	0c 94 85 00 	jmp	0x10a	; 0x10a <__bad_interrupt>
       c:	0c 94 85 00 	jmp	0x10a	; 0x10a <__bad_interrupt>
      10:	0c 94 85 00 	jmp	0x10a	; 0x10a <__bad_interrupt>
      14:	0c 94 85 00 	jmp	0x10a	; 0x10a <__bad_interrupt>
      18:	0c 94 85 00 	jmp	0x10a	; 0x10a <__bad_interrupt>
      1c:	0c 94 17 07 	jmp	0xe2e	; 0xe2e <__vector_7>
      20:	0c 94 85 00 	jmp	0x10a	; 0x10a <__bad_interrupt>
      24:	0c 94 85 00 	jmp	0x10a	; 0x10a <__bad_interrupt>
      28:	0c 94 85 00 	jmp	0x10a	; 0x10a <__bad_interrupt>
      2c:	0c 94 ed 06 	jmp	0xdda	; 0xdda <__vector_11>
      30:	0c 94 85 00 	jmp	0x10a	; 0x10a <__bad_interrupt>
      34:	0c 94 85 00 	jmp	0x10a	; 0x10a <__bad_interrupt>
      38:	0c 94 8b 06 	jmp	0xd16	; 0xd16 <__vector_14>
      3c:	0c 94 85 00 	jmp	0x10a	; 0x10a <__bad_interrupt>
      40:	0c 94 85 00 	jmp	0x10a	; 0x10a <__bad_interrupt>
      44:	0c 94 85 00 	jmp	0x10a	; 0x10a <__bad_interrupt>
      48:	0c 94 51 07 	jmp	0xea2	; 0xea2 <__vector_18>
      4c:	0c 94 85 00 	jmp	0x10a	; 0x10a <__bad_interrupt>
      50:	0c 94 85 00 	jmp	0x10a	; 0x10a <__bad_interrupt>
      54:	0c 94 85 00 	jmp	0x10a	; 0x10a <__bad_interrupt>
      58:	0c 94 85 00 	jmp	0x10a	; 0x10a <__bad_interrupt>
      5c:	0c 94 85 00 	jmp	0x10a	; 0x10a <__bad_interrupt>
      60:	0c 94 85 00 	jmp	0x10a	; 0x10a <__bad_interrupt>
      64:	0c 94 85 00 	jmp	0x10a	; 0x10a <__bad_interrupt>
      68:	b0 06       	cpc	r11, r16
      6a:	b7 06       	cpc	r11, r23
      6c:	a9 06       	cpc	r10, r25
      6e:	c5 06       	cpc	r12, r21
      70:	be 06       	cpc	r11, r30
      72:	d3 06       	cpc	r13, r19
      74:	cc 06       	cpc	r12, r28
      76:	08 00       	.word	0x0008	; ????
      78:	00 00       	nop
      7a:	be 92       	st	-X, r11
      7c:	24 49       	sbci	r18, 0x94	; 148
      7e:	12 3e       	cpi	r17, 0xE2	; 226
      80:	ab aa       	std	Y+51, r10	; 0x33
      82:	aa 2a       	or	r10, r26
      84:	be cd       	rjmp	.-1156   	; 0xfffffc02 <__eeprom_end+0xff7efc02>
      86:	cc cc       	rjmp	.-1640   	; 0xfffffa20 <__eeprom_end+0xff7efa20>
      88:	4c 3e       	cpi	r20, 0xEC	; 236
      8a:	00 00       	nop
      8c:	00 80       	ld	r0, Z
      8e:	be ab       	std	Y+54, r27	; 0x36
      90:	aa aa       	std	Y+50, r10	; 0x32
      92:	aa 3e       	cpi	r26, 0xEA	; 234
      94:	00 00       	nop
      96:	00 00       	nop
      98:	bf 00       	.word	0x00bf	; ????
      9a:	00 00       	nop
      9c:	80 3f       	cpi	r24, 0xF0	; 240
      9e:	00 00       	nop
      a0:	00 00       	nop
      a2:	00 08       	sbc	r0, r0
      a4:	41 78       	andi	r20, 0x81	; 129
      a6:	d3 bb       	out	0x13, r29	; 19
      a8:	43 87       	std	Z+11, r20	; 0x0b
      aa:	d1 13       	cpse	r29, r17
      ac:	3d 19       	sub	r19, r13
      ae:	0e 3c       	cpi	r16, 0xCE	; 206
      b0:	c3 bd       	out	0x23, r28	; 35
      b2:	42 82       	std	Z+2, r4	; 0x02
      b4:	ad 2b       	or	r26, r29
      b6:	3e 68       	ori	r19, 0x8E	; 142
      b8:	ec 82       	std	Y+4, r14	; 0x04
      ba:	76 be       	out	0x36, r7	; 54
      bc:	d9 8f       	std	Y+25, r29	; 0x19
      be:	e1 a9       	ldd	r30, Z+49	; 0x31
      c0:	3e 4c       	sbci	r19, 0xCE	; 206
      c2:	80 ef       	ldi	r24, 0xF0	; 240
      c4:	ff be       	out	0x3f, r15	; 63
      c6:	01 c4       	rjmp	.+2050   	; 0x8ca <__DATA_REGION_LENGTH__+0xca>
      c8:	ff 7f       	andi	r31, 0xFF	; 255
      ca:	3f 00       	.word	0x003f	; ????
      cc:	00 00       	nop
	...

000000d0 <__ctors_end>:
      d0:	11 24       	eor	r1, r1
      d2:	1f be       	out	0x3f, r1	; 63
      d4:	cf ef       	ldi	r28, 0xFF	; 255
      d6:	d8 e0       	ldi	r29, 0x08	; 8
      d8:	de bf       	out	0x3e, r29	; 62
      da:	cd bf       	out	0x3d, r28	; 61

000000dc <__do_copy_data>:
      dc:	12 e0       	ldi	r17, 0x02	; 2
      de:	a0 e0       	ldi	r26, 0x00	; 0
      e0:	b1 e0       	ldi	r27, 0x01	; 1
      e2:	e6 e8       	ldi	r30, 0x86	; 134
      e4:	f5 e1       	ldi	r31, 0x15	; 21
      e6:	02 c0       	rjmp	.+4      	; 0xec <__do_copy_data+0x10>
      e8:	05 90       	lpm	r0, Z+
      ea:	0d 92       	st	X+, r0
      ec:	a8 3e       	cpi	r26, 0xE8	; 232
      ee:	b1 07       	cpc	r27, r17
      f0:	d9 f7       	brne	.-10     	; 0xe8 <__do_copy_data+0xc>

000000f2 <__do_clear_bss>:
      f2:	23 e0       	ldi	r18, 0x03	; 3
      f4:	a8 ee       	ldi	r26, 0xE8	; 232
      f6:	b2 e0       	ldi	r27, 0x02	; 2
      f8:	01 c0       	rjmp	.+2      	; 0xfc <.do_clear_bss_start>

000000fa <.do_clear_bss_loop>:
      fa:	1d 92       	st	X+, r1

000000fc <.do_clear_bss_start>:
      fc:	ab 36       	cpi	r26, 0x6B	; 107
      fe:	b2 07       	cpc	r27, r18
     100:	e1 f7       	brne	.-8      	; 0xfa <.do_clear_bss_loop>
     102:	0e 94 18 05 	call	0xa30	; 0xa30 <main>
     106:	0c 94 c1 0a 	jmp	0x1582	; 0x1582 <_exit>

0000010a <__bad_interrupt>:
     10a:	0c 94 00 00 	jmp	0	; 0x0 <__vectors>

0000010e <TimeClock>:
#include "clock.h"

void TimeClock(Time_t *pTime)
{
     10e:	fc 01       	movw	r30, r24
	pTime->seconds++;
     110:	81 81       	ldd	r24, Z+1	; 0x01
     112:	8f 5f       	subi	r24, 0xFF	; 255
     114:	81 83       	std	Z+1, r24	; 0x01

	if (pTime->seconds >= 60)
     116:	8c 33       	cpi	r24, 0x3C	; 60
     118:	24 f0       	brlt	.+8      	; 0x122 <TimeClock+0x14>
	{
		pTime->seconds = 0;
     11a:	11 82       	std	Z+1, r1	; 0x01
		pTime->minutes++;
     11c:	82 81       	ldd	r24, Z+2	; 0x02
     11e:	8f 5f       	subi	r24, 0xFF	; 255
     120:	82 83       	std	Z+2, r24	; 0x02
	}

	if (pTime->minutes >= 60)
     122:	82 81       	ldd	r24, Z+2	; 0x02
     124:	8c 33       	cpi	r24, 0x3C	; 60
     126:	24 f0       	brlt	.+8      	; 0x130 <TimeClock+0x22>
	{
		pTime->minutes = 0;
     128:	12 82       	std	Z+2, r1	; 0x02
		pTime->hours++;
     12a:	83 81       	ldd	r24, Z+3	; 0x03
     12c:	8f 5f       	subi	r24, 0xFF	; 255
     12e:	83 83       	std	Z+3, r24	; 0x03
	}

	if (pTime->hours >= 24)
     130:	83 81       	ldd	r24, Z+3	; 0x03
     132:	88 31       	cpi	r24, 0x18	; 24
     134:	0c f0       	brlt	.+2      	; 0x138 <TimeClock+0x2a>
	{
		pTime->hours = 0;
     136:	13 82       	std	Z+3, r1	; 0x03
     138:	08 95       	ret

0000013a <TimeCountdown>:
#include "countdown.h"

void TimeCountdown(Time_t *pTime)
{
     13a:	fc 01       	movw	r30, r24
	pTime->miliseconds--;
     13c:	80 81       	ld	r24, Z
     13e:	81 50       	subi	r24, 0x01	; 1
     140:	80 83       	st	Z, r24

	if (pTime->miliseconds < 0)
     142:	88 23       	and	r24, r24
     144:	2c f4       	brge	.+10     	; 0x150 <TimeCountdown+0x16>
	{
		pTime->miliseconds = 100;
     146:	84 e6       	ldi	r24, 0x64	; 100
     148:	80 83       	st	Z, r24
		pTime->seconds--;
     14a:	81 81       	ldd	r24, Z+1	; 0x01
     14c:	81 50       	subi	r24, 0x01	; 1
     14e:	81 83       	std	Z+1, r24	; 0x01
	}

	if (pTime->seconds < 0)
     150:	81 81       	ldd	r24, Z+1	; 0x01
     152:	88 23       	and	r24, r24
     154:	2c f4       	brge	.+10     	; 0x160 <TimeCountdown+0x26>
	{
		pTime->seconds = 59;
     156:	8b e3       	ldi	r24, 0x3B	; 59
     158:	81 83       	std	Z+1, r24	; 0x01
		pTime->minutes--;
     15a:	82 81       	ldd	r24, Z+2	; 0x02
     15c:	81 50       	subi	r24, 0x01	; 1
     15e:	82 83       	std	Z+2, r24	; 0x02
	}

	if (pTime->minutes < 0)
     160:	82 81       	ldd	r24, Z+2	; 0x02
     162:	88 23       	and	r24, r24
     164:	2c f4       	brge	.+10     	; 0x170 <TimeCountdown+0x36>
	{
		pTime->minutes = 59;
     166:	8b e3       	ldi	r24, 0x3B	; 59
     168:	82 83       	std	Z+2, r24	; 0x02
		pTime->hours--;
     16a:	83 81       	ldd	r24, Z+3	; 0x03
     16c:	81 50       	subi	r24, 0x01	; 1
     16e:	83 83       	std	Z+3, r24	; 0x03
	}

	if (pTime->hours < 0)
     170:	83 81       	ldd	r24, Z+3	; 0x03
     172:	88 23       	and	r24, r24
     174:	24 f4       	brge	.+8      	; 0x17e <TimeCountdown+0x44>
	{
		pTime->miliseconds = 0;
     176:	10 82       	st	Z, r1
		pTime->seconds = 0;
     178:	11 82       	std	Z+1, r1	; 0x01
		pTime->minutes = 0;
     17a:	12 82       	std	Z+2, r1	; 0x02
		pTime->hours = 0;
     17c:	13 82       	std	Z+3, r1	; 0x03
     17e:	08 95       	ret

00000180 <TimeChronometer>:
#include "chronometer.h"

void TimeChronometer(Time_t *pTime)
{
     180:	fc 01       	movw	r30, r24
	pTime->miliseconds++;
     182:	80 81       	ld	r24, Z
     184:	8f 5f       	subi	r24, 0xFF	; 255
     186:	80 83       	st	Z, r24

	if (pTime->miliseconds >= 100)
     188:	84 36       	cpi	r24, 0x64	; 100
     18a:	24 f0       	brlt	.+8      	; 0x194 <TimeChronometer+0x14>
	{
		pTime->miliseconds = 0;
     18c:	10 82       	st	Z, r1
		pTime->seconds++;
     18e:	81 81       	ldd	r24, Z+1	; 0x01
     190:	8f 5f       	subi	r24, 0xFF	; 255
     192:	81 83       	std	Z+1, r24	; 0x01
	}

	if (pTime->seconds >= 60)
     194:	81 81       	ldd	r24, Z+1	; 0x01
     196:	8c 33       	cpi	r24, 0x3C	; 60
     198:	24 f0       	brlt	.+8      	; 0x1a2 <TimeChronometer+0x22>
	{
		pTime->seconds = 0;
     19a:	11 82       	std	Z+1, r1	; 0x01
		pTime->minutes++;
     19c:	82 81       	ldd	r24, Z+2	; 0x02
     19e:	8f 5f       	subi	r24, 0xFF	; 255
     1a0:	82 83       	std	Z+2, r24	; 0x02
	}

	if (pTime->minutes >= 60)
     1a2:	82 81       	ldd	r24, Z+2	; 0x02
     1a4:	8c 33       	cpi	r24, 0x3C	; 60
     1a6:	24 f0       	brlt	.+8      	; 0x1b0 <TimeChronometer+0x30>
	{
		pTime->minutes = 0;
     1a8:	12 82       	std	Z+2, r1	; 0x02
		pTime->hours++;
     1aa:	83 81       	ldd	r24, Z+3	; 0x03
     1ac:	8f 5f       	subi	r24, 0xFF	; 255
     1ae:	83 83       	std	Z+3, r24	; 0x03
	}

	if (pTime->hours >= 24)
     1b0:	83 81       	ldd	r24, Z+3	; 0x03
     1b2:	88 31       	cpi	r24, 0x18	; 24
     1b4:	0c f0       	brlt	.+2      	; 0x1b8 <TimeChronometer+0x38>
	{
		pTime->hours = 0;
     1b6:	13 82       	std	Z+3, r1	; 0x03
     1b8:	08 95       	ret

000001ba <BinaryCodedDecimal>:
#include "segmentDisplay.h"

void BinaryCodedDecimal(Time_t *pTime, uint8_t *pArrDisplay, uint8_t *pArrBCD){
     1ba:	cf 93       	push	r28
     1bc:	df 93       	push	r29
     1be:	dc 01       	movw	r26, r24
     1c0:	fb 01       	movw	r30, r22
	pArrDisplay [0] = pArrBCD [pTime->miliseconds % 10];
     1c2:	2c 91       	ld	r18, X
     1c4:	97 e6       	ldi	r25, 0x67	; 103
     1c6:	29 02       	muls	r18, r25
     1c8:	81 2d       	mov	r24, r1
     1ca:	11 24       	eor	r1, r1
     1cc:	85 95       	asr	r24
     1ce:	85 95       	asr	r24
     1d0:	27 fd       	sbrc	r18, 7
     1d2:	83 95       	inc	r24
     1d4:	88 0f       	add	r24, r24
     1d6:	38 2f       	mov	r19, r24
     1d8:	33 0f       	add	r19, r19
     1da:	33 0f       	add	r19, r19
     1dc:	83 0f       	add	r24, r19
     1de:	28 1b       	sub	r18, r24
     1e0:	ea 01       	movw	r28, r20
     1e2:	c2 0f       	add	r28, r18
     1e4:	d1 1d       	adc	r29, r1
     1e6:	27 fd       	sbrc	r18, 7
     1e8:	da 95       	dec	r29
     1ea:	88 81       	ld	r24, Y
     1ec:	80 83       	st	Z, r24
	pArrDisplay [1] = pArrBCD [pTime->miliseconds / 10];
     1ee:	2c 91       	ld	r18, X
     1f0:	29 02       	muls	r18, r25
     1f2:	81 2d       	mov	r24, r1
     1f4:	11 24       	eor	r1, r1
     1f6:	85 95       	asr	r24
     1f8:	85 95       	asr	r24
     1fa:	27 fd       	sbrc	r18, 7
     1fc:	83 95       	inc	r24
     1fe:	ea 01       	movw	r28, r20
     200:	c8 0f       	add	r28, r24
     202:	d1 1d       	adc	r29, r1
     204:	87 fd       	sbrc	r24, 7
     206:	da 95       	dec	r29
     208:	88 81       	ld	r24, Y
     20a:	81 83       	std	Z+1, r24	; 0x01
	pArrDisplay [2] = pArrBCD [pTime->seconds % 10];
     20c:	11 96       	adiw	r26, 0x01	; 1
     20e:	2c 91       	ld	r18, X
     210:	11 97       	sbiw	r26, 0x01	; 1
     212:	29 02       	muls	r18, r25
     214:	81 2d       	mov	r24, r1
     216:	11 24       	eor	r1, r1
     218:	85 95       	asr	r24
     21a:	85 95       	asr	r24
     21c:	27 fd       	sbrc	r18, 7
     21e:	83 95       	inc	r24
     220:	88 0f       	add	r24, r24
     222:	38 2f       	mov	r19, r24
     224:	33 0f       	add	r19, r19
     226:	33 0f       	add	r19, r19
     228:	83 0f       	add	r24, r19
     22a:	28 1b       	sub	r18, r24
     22c:	ea 01       	movw	r28, r20
     22e:	c2 0f       	add	r28, r18
     230:	d1 1d       	adc	r29, r1
     232:	27 fd       	sbrc	r18, 7
     234:	da 95       	dec	r29
     236:	88 81       	ld	r24, Y
     238:	82 83       	std	Z+2, r24	; 0x02
	pArrDisplay [3] = pArrBCD [pTime->seconds / 10];
     23a:	11 96       	adiw	r26, 0x01	; 1
     23c:	2c 91       	ld	r18, X
     23e:	11 97       	sbiw	r26, 0x01	; 1
     240:	29 02       	muls	r18, r25
     242:	81 2d       	mov	r24, r1
     244:	11 24       	eor	r1, r1
     246:	85 95       	asr	r24
     248:	85 95       	asr	r24
     24a:	27 fd       	sbrc	r18, 7
     24c:	83 95       	inc	r24
     24e:	ea 01       	movw	r28, r20
     250:	c8 0f       	add	r28, r24
     252:	d1 1d       	adc	r29, r1
     254:	87 fd       	sbrc	r24, 7
     256:	da 95       	dec	r29
     258:	88 81       	ld	r24, Y
     25a:	83 83       	std	Z+3, r24	; 0x03
	pArrDisplay [4] = pArrBCD [pTime->minutes % 10];
     25c:	12 96       	adiw	r26, 0x02	; 2
     25e:	2c 91       	ld	r18, X
     260:	12 97       	sbiw	r26, 0x02	; 2
     262:	29 02       	muls	r18, r25
     264:	81 2d       	mov	r24, r1
     266:	11 24       	eor	r1, r1
     268:	85 95       	asr	r24
     26a:	85 95       	asr	r24
     26c:	27 fd       	sbrc	r18, 7
     26e:	83 95       	inc	r24
     270:	88 0f       	add	r24, r24
     272:	38 2f       	mov	r19, r24
     274:	33 0f       	add	r19, r19
     276:	33 0f       	add	r19, r19
     278:	83 0f       	add	r24, r19
     27a:	28 1b       	sub	r18, r24
     27c:	ea 01       	movw	r28, r20
     27e:	c2 0f       	add	r28, r18
     280:	d1 1d       	adc	r29, r1
     282:	27 fd       	sbrc	r18, 7
     284:	da 95       	dec	r29
     286:	88 81       	ld	r24, Y
     288:	84 83       	std	Z+4, r24	; 0x04
	pArrDisplay [5] = pArrBCD [pTime->minutes / 10];
     28a:	12 96       	adiw	r26, 0x02	; 2
     28c:	2c 91       	ld	r18, X
     28e:	12 97       	sbiw	r26, 0x02	; 2
     290:	29 02       	muls	r18, r25
     292:	81 2d       	mov	r24, r1
     294:	11 24       	eor	r1, r1
     296:	85 95       	asr	r24
     298:	85 95       	asr	r24
     29a:	27 fd       	sbrc	r18, 7
     29c:	83 95       	inc	r24
     29e:	ea 01       	movw	r28, r20
     2a0:	c8 0f       	add	r28, r24
     2a2:	d1 1d       	adc	r29, r1
     2a4:	87 fd       	sbrc	r24, 7
     2a6:	da 95       	dec	r29
     2a8:	88 81       	ld	r24, Y
     2aa:	85 83       	std	Z+5, r24	; 0x05
	pArrDisplay [6] = pArrBCD [pTime->hours % 10];
     2ac:	13 96       	adiw	r26, 0x03	; 3
     2ae:	2c 91       	ld	r18, X
     2b0:	13 97       	sbiw	r26, 0x03	; 3
     2b2:	29 02       	muls	r18, r25
     2b4:	81 2d       	mov	r24, r1
     2b6:	11 24       	eor	r1, r1
     2b8:	85 95       	asr	r24
     2ba:	85 95       	asr	r24
     2bc:	27 fd       	sbrc	r18, 7
     2be:	83 95       	inc	r24
     2c0:	88 0f       	add	r24, r24
     2c2:	38 2f       	mov	r19, r24
     2c4:	33 0f       	add	r19, r19
     2c6:	33 0f       	add	r19, r19
     2c8:	83 0f       	add	r24, r19
     2ca:	28 1b       	sub	r18, r24
     2cc:	ea 01       	movw	r28, r20
     2ce:	c2 0f       	add	r28, r18
     2d0:	d1 1d       	adc	r29, r1
     2d2:	27 fd       	sbrc	r18, 7
     2d4:	da 95       	dec	r29
     2d6:	88 81       	ld	r24, Y
     2d8:	86 83       	std	Z+6, r24	; 0x06
	pArrDisplay [7] = pArrBCD [pTime->hours / 10];
     2da:	13 96       	adiw	r26, 0x03	; 3
     2dc:	8c 91       	ld	r24, X
     2de:	89 02       	muls	r24, r25
     2e0:	91 2d       	mov	r25, r1
     2e2:	11 24       	eor	r1, r1
     2e4:	95 95       	asr	r25
     2e6:	95 95       	asr	r25
     2e8:	87 fd       	sbrc	r24, 7
     2ea:	93 95       	inc	r25
     2ec:	da 01       	movw	r26, r20
     2ee:	a9 0f       	add	r26, r25
     2f0:	b1 1d       	adc	r27, r1
     2f2:	97 fd       	sbrc	r25, 7
     2f4:	ba 95       	dec	r27
     2f6:	8c 91       	ld	r24, X
     2f8:	87 83       	std	Z+7, r24	; 0x07
}
     2fa:	df 91       	pop	r29
     2fc:	cf 91       	pop	r28
     2fe:	08 95       	ret

00000300 <ShiftRegister>:

void ShiftRegister(uint8_t pClockPin, uint8_t pDataPin, uint8_t *pArrDisplay){
	static uint8_t mask = 0x0F;
	static uint8_t shiftCnt = 0;

	if (shiftCnt == 0){
     300:	90 91 e8 02 	lds	r25, 0x02E8	; 0x8002e8 <__data_end>
     304:	91 11       	cpse	r25, r1
     306:	0b c0       	rjmp	.+22     	; 0x31e <ShiftRegister+0x1e>
		/* Change PORTB if necessary */
		PORTC |= (1 << pDataPin);
     308:	98 b1       	in	r25, 0x08	; 8
     30a:	21 e0       	ldi	r18, 0x01	; 1
     30c:	30 e0       	ldi	r19, 0x00	; 0
     30e:	02 c0       	rjmp	.+4      	; 0x314 <ShiftRegister+0x14>
     310:	22 0f       	add	r18, r18
     312:	33 1f       	adc	r19, r19
     314:	6a 95       	dec	r22
     316:	e2 f7       	brpl	.-8      	; 0x310 <ShiftRegister+0x10>
     318:	29 2b       	or	r18, r25
     31a:	28 b9       	out	0x08, r18	; 8
     31c:	0b c0       	rjmp	.+22     	; 0x334 <ShiftRegister+0x34>
	}else{
		PORTC &= ~(1 << pDataPin);
     31e:	98 b1       	in	r25, 0x08	; 8
     320:	21 e0       	ldi	r18, 0x01	; 1
     322:	30 e0       	ldi	r19, 0x00	; 0
     324:	02 c0       	rjmp	.+4      	; 0x32a <ShiftRegister+0x2a>
     326:	22 0f       	add	r18, r18
     328:	33 1f       	adc	r19, r19
     32a:	6a 95       	dec	r22
     32c:	e2 f7       	brpl	.-8      	; 0x326 <ShiftRegister+0x26>
     32e:	20 95       	com	r18
     330:	29 23       	and	r18, r25
     332:	28 b9       	out	0x08, r18	; 8
	}
	/* Change PORTB if necessary */
	PORTD = (pArrDisplay [shiftCnt] << 4) | mask;
     334:	90 91 e8 02 	lds	r25, 0x02E8	; 0x8002e8 <__data_end>
     338:	fa 01       	movw	r30, r20
     33a:	e9 0f       	add	r30, r25
     33c:	f1 1d       	adc	r31, r1
     33e:	20 81       	ld	r18, Z
     340:	60 e1       	ldi	r22, 0x10	; 16
     342:	26 9f       	mul	r18, r22
     344:	90 01       	movw	r18, r0
     346:	11 24       	eor	r1, r1
     348:	2f 60       	ori	r18, 0x0F	; 15
     34a:	2b b9       	out	0x0b, r18	; 11
	PORTC |= (1 << pClockPin);
     34c:	48 b1       	in	r20, 0x08	; 8
     34e:	21 e0       	ldi	r18, 0x01	; 1
     350:	30 e0       	ldi	r19, 0x00	; 0
     352:	b9 01       	movw	r22, r18
     354:	02 c0       	rjmp	.+4      	; 0x35a <ShiftRegister+0x5a>
     356:	66 0f       	add	r22, r22
     358:	77 1f       	adc	r23, r23
     35a:	8a 95       	dec	r24
     35c:	e2 f7       	brpl	.-8      	; 0x356 <ShiftRegister+0x56>
     35e:	cb 01       	movw	r24, r22
     360:	94 2f       	mov	r25, r20
     362:	98 2b       	or	r25, r24
     364:	98 b9       	out	0x08, r25	; 8
	asm volatile
     366:	00 00       	nop
     368:	00 00       	nop
     36a:	00 00       	nop
	(
	"nop\n\t"
	"nop\n\t"
	"nop\n\t"
	::);
	PORTC &= ~(1 << pClockPin);
     36c:	98 b1       	in	r25, 0x08	; 8
     36e:	80 95       	com	r24
     370:	89 23       	and	r24, r25
     372:	88 b9       	out	0x08, r24	; 8

	shiftCnt++;
     374:	80 91 e8 02 	lds	r24, 0x02E8	; 0x8002e8 <__data_end>
     378:	8f 5f       	subi	r24, 0xFF	; 255
     37a:	80 93 e8 02 	sts	0x02E8, r24	; 0x8002e8 <__data_end>
	if (shiftCnt == 8){
     37e:	88 30       	cpi	r24, 0x08	; 8
     380:	11 f4       	brne	.+4      	; 0x386 <ShiftRegister+0x86>
		shiftCnt = 0;
     382:	10 92 e8 02 	sts	0x02E8, r1	; 0x8002e8 <__data_end>
     386:	08 95       	ret

00000388 <MY_ADC_Init>:
#include "atmega328p_ADC.h"

void MY_ADC_Init(){
	ADMUX = (1 << REFS0) | ADC_CHANNEL_2;
     388:	82 e4       	ldi	r24, 0x42	; 66
     38a:	80 93 7c 00 	sts	0x007C, r24	; 0x80007c <__TEXT_REGION_LENGTH__+0x7f807c>
	ADCSRB = ADC_TRIGGER_SOURCE_FREE_RUNNING_MODE;
     38e:	10 92 7b 00 	sts	0x007B, r1	; 0x80007b <__TEXT_REGION_LENGTH__+0x7f807b>
	ADCSRA = (1 << ADEN) | ADC_PRESCALER_128;	
     392:	87 e8       	ldi	r24, 0x87	; 135
     394:	80 93 7a 00 	sts	0x007A, r24	; 0x80007a <__TEXT_REGION_LENGTH__+0x7f807a>
     398:	08 95       	ret

0000039a <Analog_Read>:
}

uint16_t Analog_Read(uint8_t ADC_Channel){
	ADMUX = (ADMUX & 0xF0) | ADC_Channel;
     39a:	ec e7       	ldi	r30, 0x7C	; 124
     39c:	f0 e0       	ldi	r31, 0x00	; 0
     39e:	90 81       	ld	r25, Z
     3a0:	90 7f       	andi	r25, 0xF0	; 240
     3a2:	89 2b       	or	r24, r25
     3a4:	80 83       	st	Z, r24
	ADCSRA |= (1 << ADSC);
     3a6:	ea e7       	ldi	r30, 0x7A	; 122
     3a8:	f0 e0       	ldi	r31, 0x00	; 0
     3aa:	80 81       	ld	r24, Z
     3ac:	80 64       	ori	r24, 0x40	; 64
     3ae:	80 83       	st	Z, r24
	while(ADCSRA & (1 << ADSC));
     3b0:	80 91 7a 00 	lds	r24, 0x007A	; 0x80007a <__TEXT_REGION_LENGTH__+0x7f807a>
     3b4:	86 fd       	sbrc	r24, 6
     3b6:	fc cf       	rjmp	.-8      	; 0x3b0 <Analog_Read+0x16>

	return ADC;
     3b8:	80 91 78 00 	lds	r24, 0x0078	; 0x800078 <__TEXT_REGION_LENGTH__+0x7f8078>
     3bc:	90 91 79 00 	lds	r25, 0x0079	; 0x800079 <__TEXT_REGION_LENGTH__+0x7f8079>
     3c0:	08 95       	ret

000003c2 <MY_EXTI_Init>:
#include "atmega328p_EXTI.h"

void MY_EXTI_Init(){
	EICRA = (1 << ISC11) | (1 << ISC10) | (1 << ISC01) | (1 << ISC00);
     3c2:	8f e0       	ldi	r24, 0x0F	; 15
     3c4:	80 93 69 00 	sts	0x0069, r24	; 0x800069 <__TEXT_REGION_LENGTH__+0x7f8069>
	EIMSK = (1 << INT1) | (1 << INT0);
     3c8:	83 e0       	ldi	r24, 0x03	; 3
     3ca:	8d bb       	out	0x1d, r24	; 29
     3cc:	08 95       	ret

000003ce <MY_GPIO_Init>:
#include "atmega328p_GPIO.h"

void MY_GPIO_Init(){
	
	DDRB = 0b00100000;
     3ce:	80 e2       	ldi	r24, 0x20	; 32
     3d0:	84 b9       	out	0x04, r24	; 4
	PORTB = 0b00000000;
     3d2:	15 b8       	out	0x05, r1	; 5
	
	DDRC = 0b00000011;
     3d4:	83 e0       	ldi	r24, 0x03	; 3
     3d6:	87 b9       	out	0x07, r24	; 7
	PORTC = 0b00000000;
     3d8:	18 b8       	out	0x08, r1	; 8
	
	DDRD = 0b11110000;
     3da:	80 ef       	ldi	r24, 0xF0	; 240
     3dc:	8a b9       	out	0x0a, r24	; 10
	PORTD = 0b00001100;
     3de:	8c e0       	ldi	r24, 0x0C	; 12
     3e0:	8b b9       	out	0x0b, r24	; 11
     3e2:	08 95       	ret

000003e4 <MY_TIMX_Start>:

	MY_TIMX_Start(TIM2_START, TIM2_PRESCALING_FACTOR_1024);
}

void MY_TIMX_Start (uint8_t pTIMxNameState, uint8_t pPrescalerFactor){
	switch(pTIMxNameState){
     3e4:	81 30       	cpi	r24, 0x01	; 1
     3e6:	59 f0       	breq	.+22     	; 0x3fe <MY_TIMX_Start+0x1a>
     3e8:	18 f0       	brcs	.+6      	; 0x3f0 <MY_TIMX_Start+0xc>
     3ea:	82 30       	cpi	r24, 0x02	; 2
     3ec:	89 f0       	breq	.+34     	; 0x410 <__EEPROM_REGION_LENGTH__+0x10>
     3ee:	08 95       	ret
		case TIM0_START:
		TCCR0B &= 0xF8; // maska 0b1111_1000, attiesta pirmos tr?s bitus no lab?s puses
     3f0:	85 b5       	in	r24, 0x25	; 37
     3f2:	88 7f       	andi	r24, 0xF8	; 248
     3f4:	85 bd       	out	0x25, r24	; 37
		TCCR0B |= pPrescalerFactor;
     3f6:	85 b5       	in	r24, 0x25	; 37
     3f8:	68 2b       	or	r22, r24
     3fa:	65 bd       	out	0x25, r22	; 37
		break;
     3fc:	08 95       	ret

		case TIM1_START:
		TCCR1B &= 0xF8;
     3fe:	e1 e8       	ldi	r30, 0x81	; 129
     400:	f0 e0       	ldi	r31, 0x00	; 0
     402:	80 81       	ld	r24, Z
     404:	88 7f       	andi	r24, 0xF8	; 248
     406:	80 83       	st	Z, r24
		TCCR1B |= pPrescalerFactor;
     408:	80 81       	ld	r24, Z
     40a:	68 2b       	or	r22, r24
     40c:	60 83       	st	Z, r22
		break;
     40e:	08 95       	ret

		case TIM2_START:
		TCCR2B &= 0xF8;
     410:	e1 eb       	ldi	r30, 0xB1	; 177
     412:	f0 e0       	ldi	r31, 0x00	; 0
     414:	80 81       	ld	r24, Z
     416:	88 7f       	andi	r24, 0xF8	; 248
     418:	80 83       	st	Z, r24
		TCCR2B |= pPrescalerFactor;
     41a:	80 81       	ld	r24, Z
     41c:	68 2b       	or	r22, r24
     41e:	60 83       	st	Z, r22
     420:	08 95       	ret

00000422 <MY_TIM0_Init>:
#include "atmega328p_TIM.h"

void MY_TIM0_Init(){

	TCNT0 = 0;
     422:	16 bc       	out	0x26, r1	; 38
	OCR0A = 10;
     424:	8a e0       	ldi	r24, 0x0A	; 10
     426:	87 bd       	out	0x27, r24	; 39

	TCCR0A |= (1 << WGM01);
     428:	84 b5       	in	r24, 0x24	; 36
     42a:	82 60       	ori	r24, 0x02	; 2
     42c:	84 bd       	out	0x24, r24	; 36

	TIMSK0 |= (1 << OCIE0A);
     42e:	ee e6       	ldi	r30, 0x6E	; 110
     430:	f0 e0       	ldi	r31, 0x00	; 0
     432:	80 81       	ld	r24, Z
     434:	82 60       	ori	r24, 0x02	; 2
     436:	80 83       	st	Z, r24

	MY_TIMX_Start(TIM0_START, TIM0_PRESCALING_FACTOR_1024);
     438:	65 e0       	ldi	r22, 0x05	; 5
     43a:	80 e0       	ldi	r24, 0x00	; 0
     43c:	0e 94 f2 01 	call	0x3e4	; 0x3e4 <MY_TIMX_Start>
     440:	08 95       	ret

00000442 <MY_TIM1_Init>:
}

void MY_TIM1_Init(){

	TCNT1 = 0;
     442:	10 92 85 00 	sts	0x0085, r1	; 0x800085 <__TEXT_REGION_LENGTH__+0x7f8085>
     446:	10 92 84 00 	sts	0x0084, r1	; 0x800084 <__TEXT_REGION_LENGTH__+0x7f8084>
	OCR1A = 15625;
     44a:	89 e0       	ldi	r24, 0x09	; 9
     44c:	9d e3       	ldi	r25, 0x3D	; 61
     44e:	90 93 89 00 	sts	0x0089, r25	; 0x800089 <__TEXT_REGION_LENGTH__+0x7f8089>
     452:	80 93 88 00 	sts	0x0088, r24	; 0x800088 <__TEXT_REGION_LENGTH__+0x7f8088>

	TCCR1B |= (1 << WGM12);
     456:	e1 e8       	ldi	r30, 0x81	; 129
     458:	f0 e0       	ldi	r31, 0x00	; 0
     45a:	80 81       	ld	r24, Z
     45c:	88 60       	ori	r24, 0x08	; 8
     45e:	80 83       	st	Z, r24

	TIMSK1 |= (1 << OCIE1A);
     460:	ef e6       	ldi	r30, 0x6F	; 111
     462:	f0 e0       	ldi	r31, 0x00	; 0
     464:	80 81       	ld	r24, Z
     466:	82 60       	ori	r24, 0x02	; 2
     468:	80 83       	st	Z, r24

	MY_TIMX_Start(TIM1_START, TIM1_PRESCALING_FACTOR_1024);
     46a:	65 e0       	ldi	r22, 0x05	; 5
     46c:	81 e0       	ldi	r24, 0x01	; 1
     46e:	0e 94 f2 01 	call	0x3e4	; 0x3e4 <MY_TIMX_Start>
     472:	08 95       	ret

00000474 <MY_TIM2_Init>:
}

void MY_TIM2_Init(){
	
	TCNT2 = 0;
     474:	10 92 b2 00 	sts	0x00B2, r1	; 0x8000b2 <__TEXT_REGION_LENGTH__+0x7f80b2>
	OCR2A = 156;
     478:	8c e9       	ldi	r24, 0x9C	; 156
     47a:	80 93 b3 00 	sts	0x00B3, r24	; 0x8000b3 <__TEXT_REGION_LENGTH__+0x7f80b3>

	TCCR2A |= (1 << WGM21);
     47e:	e0 eb       	ldi	r30, 0xB0	; 176
     480:	f0 e0       	ldi	r31, 0x00	; 0
     482:	80 81       	ld	r24, Z
     484:	82 60       	ori	r24, 0x02	; 2
     486:	80 83       	st	Z, r24

	TIMSK2 |= (1 << OCIE2A);
     488:	e0 e7       	ldi	r30, 0x70	; 112
     48a:	f0 e0       	ldi	r31, 0x00	; 0
     48c:	80 81       	ld	r24, Z
     48e:	82 60       	ori	r24, 0x02	; 2
     490:	80 83       	st	Z, r24

	MY_TIMX_Start(TIM2_START, TIM2_PRESCALING_FACTOR_1024);
     492:	67 e0       	ldi	r22, 0x07	; 7
     494:	82 e0       	ldi	r24, 0x02	; 2
     496:	0e 94 f2 01 	call	0x3e4	; 0x3e4 <MY_TIMX_Start>
     49a:	08 95       	ret

0000049c <MY_TIMX_Stop>:
	}
}

void MY_TIMX_Stop (uint8_t pTIMxNameState)
{
	switch(pTIMxNameState)
     49c:	81 30       	cpi	r24, 0x01	; 1
     49e:	41 f0       	breq	.+16     	; 0x4b0 <MY_TIMX_Stop+0x14>
     4a0:	18 f0       	brcs	.+6      	; 0x4a8 <MY_TIMX_Stop+0xc>
     4a2:	82 30       	cpi	r24, 0x02	; 2
     4a4:	59 f0       	breq	.+22     	; 0x4bc <MY_TIMX_Stop+0x20>
     4a6:	08 95       	ret
		 * 0		0		0		|	No clock source (Timer/Counter stopped)
		 */

		/* STOP particular timer/counter: clear all CS (clock select bits) */
		case TIM0_STOP:
		TCCR0B &= ~((1 << CS02) | (1 << CS01) | (1 << CS00));
     4a8:	85 b5       	in	r24, 0x25	; 37
     4aa:	88 7f       	andi	r24, 0xF8	; 248
     4ac:	85 bd       	out	0x25, r24	; 37
		break;
     4ae:	08 95       	ret

		case TIM1_STOP:
		TCCR1B &= ~((1 << CS12) | (1 << CS11) | (1 << CS10));
     4b0:	e1 e8       	ldi	r30, 0x81	; 129
     4b2:	f0 e0       	ldi	r31, 0x00	; 0
     4b4:	80 81       	ld	r24, Z
     4b6:	88 7f       	andi	r24, 0xF8	; 248
     4b8:	80 83       	st	Z, r24
		break;
     4ba:	08 95       	ret

		case TIM2_STOP:
		TCCR2B &= ~((1 << CS22) | (1 << CS21) | (1 << CS20));
     4bc:	e1 eb       	ldi	r30, 0xB1	; 177
     4be:	f0 e0       	ldi	r31, 0x00	; 0
     4c0:	80 81       	ld	r24, Z
     4c2:	88 7f       	andi	r24, 0xF8	; 248
     4c4:	80 83       	st	Z, r24
     4c6:	08 95       	ret

000004c8 <MY_USART_Init>:
	UCSR0C = (1 << UCSZ00) | (1 << UCSZ01);	
}

void USART_Transmit_Byte (uint8_t USART_byte){
	while (!(UCSR0A & (1 << UDRE0)));
	UDR0 = USART_byte;
     4c8:	87 e6       	ldi	r24, 0x67	; 103
     4ca:	90 e0       	ldi	r25, 0x00	; 0
     4cc:	90 93 c5 00 	sts	0x00C5, r25	; 0x8000c5 <__TEXT_REGION_LENGTH__+0x7f80c5>
     4d0:	80 93 c4 00 	sts	0x00C4, r24	; 0x8000c4 <__TEXT_REGION_LENGTH__+0x7f80c4>
     4d4:	88 e9       	ldi	r24, 0x98	; 152
     4d6:	80 93 c1 00 	sts	0x00C1, r24	; 0x8000c1 <__TEXT_REGION_LENGTH__+0x7f80c1>
     4da:	86 e0       	ldi	r24, 0x06	; 6
     4dc:	80 93 c2 00 	sts	0x00C2, r24	; 0x8000c2 <__TEXT_REGION_LENGTH__+0x7f80c2>
     4e0:	08 95       	ret

000004e2 <USART_Transmit_String>:
}

void USART_Transmit_String (char *USART_string){
     4e2:	ac 01       	movw	r20, r24
	uint8_t iterrator = 0;
     4e4:	20 e0       	ldi	r18, 0x00	; 0
	while (USART_string[iterrator] != '\0'){
     4e6:	07 c0       	rjmp	.+14     	; 0x4f6 <USART_Transmit_String+0x14>
		while (!(UCSR0A & (1 << UDRE0)));
     4e8:	90 91 c0 00 	lds	r25, 0x00C0	; 0x8000c0 <__TEXT_REGION_LENGTH__+0x7f80c0>
     4ec:	95 ff       	sbrs	r25, 5
     4ee:	fc cf       	rjmp	.-8      	; 0x4e8 <USART_Transmit_String+0x6>
		UDR0 = USART_string[iterrator];
     4f0:	30 93 c6 00 	sts	0x00C6, r19	; 0x8000c6 <__TEXT_REGION_LENGTH__+0x7f80c6>
		iterrator++;
     4f4:	2f 5f       	subi	r18, 0xFF	; 255
	UDR0 = USART_byte;
}

void USART_Transmit_String (char *USART_string){
	uint8_t iterrator = 0;
	while (USART_string[iterrator] != '\0'){
     4f6:	fa 01       	movw	r30, r20
     4f8:	e2 0f       	add	r30, r18
     4fa:	f1 1d       	adc	r31, r1
     4fc:	30 81       	ld	r19, Z
     4fe:	31 11       	cpse	r19, r1
     500:	f3 cf       	rjmp	.-26     	; 0x4e8 <USART_Transmit_String+0x6>
		while (!(UCSR0A & (1 << UDRE0)));
		UDR0 = USART_string[iterrator];
		iterrator++;
	}
     502:	08 95       	ret

00000504 <USER_Loggin>:
		//}
	}
	return DISPLAY_EVENT_SELLECTION_NONE;
}

void MY_BufferClear(){
     504:	cf 93       	push	r28
     506:	df 93       	push	r29
     508:	c0 e0       	ldi	r28, 0x00	; 0
     50a:	d0 e0       	ldi	r29, 0x00	; 0
     50c:	09 c0       	rjmp	.+18     	; 0x520 <USER_Loggin+0x1c>
     50e:	ce 01       	movw	r24, r28
     510:	40 96       	adiw	r24, 0x10	; 16
     512:	0e 94 b9 0a 	call	0x1572	; 0x1572 <eeprom_read_byte>
     516:	fe 01       	movw	r30, r28
     518:	e2 5b       	subi	r30, 0xB2	; 178
     51a:	fc 4f       	sbci	r31, 0xFC	; 252
     51c:	80 83       	st	Z, r24
     51e:	21 96       	adiw	r28, 0x01	; 1
     520:	cb 30       	cpi	r28, 0x0B	; 11
     522:	d1 05       	cpc	r29, r1
     524:	a4 f3       	brlt	.-24     	; 0x50e <USER_Loggin+0xa>
     526:	10 92 58 03 	sts	0x0358, r1	; 0x800358 <myString+0xa>
     52a:	c0 91 f2 02 	lds	r28, 0x02F2	; 0x8002f2 <loginAttempts>
     52e:	c3 30       	cpi	r28, 0x03	; 3
     530:	e0 f7       	brcc	.-8      	; 0x52a <USER_Loggin+0x26>
     532:	80 91 f4 02 	lds	r24, 0x02F4	; 0x8002f4 <USART0_Flag>
     536:	81 30       	cpi	r24, 0x01	; 1
     538:	c1 f7       	brne	.-16     	; 0x52a <USER_Loggin+0x26>
     53a:	6b e0       	ldi	r22, 0x0B	; 11
     53c:	71 e0       	ldi	r23, 0x01	; 1
     53e:	8d e3       	ldi	r24, 0x3D	; 61
     540:	93 e0       	ldi	r25, 0x03	; 3
     542:	0e 94 b0 0a 	call	0x1560	; 0x1560 <strcmp>
     546:	89 2b       	or	r24, r25
     548:	51 f4       	brne	.+20     	; 0x55e <USER_Loggin+0x5a>
     54a:	82 e1       	ldi	r24, 0x12	; 18
     54c:	91 e0       	ldi	r25, 0x01	; 1
     54e:	0e 94 71 02 	call	0x4e2	; 0x4e2 <USART_Transmit_String>
     552:	10 92 f4 02 	sts	0x02F4, r1	; 0x8002f4 <USART0_Flag>
     556:	8f e0       	ldi	r24, 0x0F	; 15
     558:	80 93 00 01 	sts	0x0100, r24	; 0x800100 <__DATA_REGION_ORIGIN__>
     55c:	04 c0       	rjmp	.+8      	; 0x566 <USER_Loggin+0x62>
     55e:	cf 5f       	subi	r28, 0xFF	; 255
     560:	c0 93 f2 02 	sts	0x02F2, r28	; 0x8002f2 <loginAttempts>
     564:	e2 cf       	rjmp	.-60     	; 0x52a <USER_Loggin+0x26>
     566:	df 91       	pop	r29
     568:	cf 91       	pop	r28
     56a:	08 95       	ret

0000056c <USER_Clock>:
     56c:	ef 92       	push	r14
     56e:	ff 92       	push	r15
     570:	0f 93       	push	r16
     572:	1f 93       	push	r17
     574:	cf 93       	push	r28
     576:	df 93       	push	r29
     578:	ec 01       	movw	r28, r24
     57a:	8b 01       	movw	r16, r22
     57c:	7a 01       	movw	r14, r20
     57e:	0e 94 87 00 	call	0x10e	; 0x10e <TimeClock>
     582:	a7 01       	movw	r20, r14
     584:	b8 01       	movw	r22, r16
     586:	ce 01       	movw	r24, r28
     588:	0e 94 dd 00 	call	0x1ba	; 0x1ba <BinaryCodedDecimal>
     58c:	df 91       	pop	r29
     58e:	cf 91       	pop	r28
     590:	1f 91       	pop	r17
     592:	0f 91       	pop	r16
     594:	ff 90       	pop	r15
     596:	ef 90       	pop	r14
     598:	08 95       	ret

0000059a <USER_Chronometer>:
     59a:	ef 92       	push	r14
     59c:	ff 92       	push	r15
     59e:	0f 93       	push	r16
     5a0:	1f 93       	push	r17
     5a2:	cf 93       	push	r28
     5a4:	df 93       	push	r29
     5a6:	ec 01       	movw	r28, r24
     5a8:	8b 01       	movw	r16, r22
     5aa:	7a 01       	movw	r14, r20
     5ac:	0e 94 c0 00 	call	0x180	; 0x180 <TimeChronometer>
     5b0:	a7 01       	movw	r20, r14
     5b2:	b8 01       	movw	r22, r16
     5b4:	ce 01       	movw	r24, r28
     5b6:	0e 94 dd 00 	call	0x1ba	; 0x1ba <BinaryCodedDecimal>
     5ba:	df 91       	pop	r29
     5bc:	cf 91       	pop	r28
     5be:	1f 91       	pop	r17
     5c0:	0f 91       	pop	r16
     5c2:	ff 90       	pop	r15
     5c4:	ef 90       	pop	r14
     5c6:	08 95       	ret

000005c8 <USER_Countdown>:
     5c8:	ef 92       	push	r14
     5ca:	ff 92       	push	r15
     5cc:	0f 93       	push	r16
     5ce:	1f 93       	push	r17
     5d0:	cf 93       	push	r28
     5d2:	df 93       	push	r29
     5d4:	ec 01       	movw	r28, r24
     5d6:	8b 01       	movw	r16, r22
     5d8:	7a 01       	movw	r14, r20
     5da:	0e 94 9d 00 	call	0x13a	; 0x13a <TimeCountdown>
     5de:	a7 01       	movw	r20, r14
     5e0:	b8 01       	movw	r22, r16
     5e2:	ce 01       	movw	r24, r28
     5e4:	0e 94 dd 00 	call	0x1ba	; 0x1ba <BinaryCodedDecimal>
     5e8:	df 91       	pop	r29
     5ea:	cf 91       	pop	r28
     5ec:	1f 91       	pop	r17
     5ee:	0f 91       	pop	r16
     5f0:	ff 90       	pop	r15
     5f2:	ef 90       	pop	r14
     5f4:	08 95       	ret

000005f6 <USER_SetClock>:
     5f6:	e5 e2       	ldi	r30, 0x25	; 37
     5f8:	f3 e0       	ldi	r31, 0x03	; 3
     5fa:	83 83       	std	Z+3, r24	; 0x03
     5fc:	62 83       	std	Z+2, r22	; 0x02
     5fe:	41 83       	std	Z+1, r20	; 0x01
     600:	20 83       	st	Z, r18
     602:	08 95       	ret

00000604 <USER_SetAlarm>:
     604:	e7 e6       	ldi	r30, 0x67	; 103
     606:	f3 e0       	ldi	r31, 0x03	; 3
     608:	83 83       	std	Z+3, r24	; 0x03
     60a:	62 83       	std	Z+2, r22	; 0x02
     60c:	41 83       	std	Z+1, r20	; 0x01
     60e:	20 83       	st	Z, r18
     610:	08 95       	ret

00000612 <USER_SetChronometer>:
     612:	ef e5       	ldi	r30, 0x5F	; 95
     614:	f3 e0       	ldi	r31, 0x03	; 3
     616:	83 83       	std	Z+3, r24	; 0x03
     618:	62 83       	std	Z+2, r22	; 0x02
     61a:	41 83       	std	Z+1, r20	; 0x01
     61c:	20 83       	st	Z, r18
     61e:	08 95       	ret

00000620 <USER_SetCountdown>:
     620:	e3 e6       	ldi	r30, 0x63	; 99
     622:	f3 e0       	ldi	r31, 0x03	; 3
     624:	83 83       	std	Z+3, r24	; 0x03
     626:	62 83       	std	Z+2, r22	; 0x02
     628:	41 83       	std	Z+1, r20	; 0x01
     62a:	20 83       	st	Z, r18
     62c:	08 95       	ret

0000062e <USER_CMD_Switch>:
     62e:	0f 93       	push	r16
     630:	1f 93       	push	r17
     632:	cf 93       	push	r28
     634:	8c 01       	movw	r16, r24
     636:	fc 01       	movw	r30, r24
     638:	c1 81       	ldd	r28, Z+1	; 0x01
     63a:	c2 33       	cpi	r28, 0x32	; 50
     63c:	09 f4       	brne	.+2      	; 0x640 <USER_CMD_Switch+0x12>
     63e:	2a c1       	rjmp	.+596    	; 0x894 <__DATA_REGION_LENGTH__+0x94>
     640:	28 f4       	brcc	.+10     	; 0x64c <USER_CMD_Switch+0x1e>
     642:	c0 33       	cpi	r28, 0x30	; 48
     644:	51 f0       	breq	.+20     	; 0x65a <USER_CMD_Switch+0x2c>
     646:	c1 33       	cpi	r28, 0x31	; 49
     648:	a9 f0       	breq	.+42     	; 0x674 <USER_CMD_Switch+0x46>
     64a:	ee c1       	rjmp	.+988    	; 0xa28 <__stack+0x129>
     64c:	c3 33       	cpi	r28, 0x33	; 51
     64e:	09 f4       	brne	.+2      	; 0x652 <USER_CMD_Switch+0x24>
     650:	b8 c0       	rjmp	.+368    	; 0x7c2 <USER_CMD_Switch+0x194>
     652:	c4 33       	cpi	r28, 0x34	; 52
     654:	09 f4       	brne	.+2      	; 0x658 <USER_CMD_Switch+0x2a>
     656:	8b c1       	rjmp	.+790    	; 0x96e <__stack+0x6f>
     658:	e7 c1       	rjmp	.+974    	; 0xa28 <__stack+0x129>
     65a:	66 e2       	ldi	r22, 0x26	; 38
     65c:	71 e0       	ldi	r23, 0x01	; 1
     65e:	0e 94 b0 0a 	call	0x1560	; 0x1560 <strcmp>
     662:	89 2b       	or	r24, r25
     664:	09 f0       	breq	.+2      	; 0x668 <USER_CMD_Switch+0x3a>
     666:	e0 c1       	rjmp	.+960    	; 0xa28 <__stack+0x129>
     668:	8b e2       	ldi	r24, 0x2B	; 43
     66a:	91 e0       	ldi	r25, 0x01	; 1
     66c:	0e 94 71 02 	call	0x4e2	; 0x4e2 <USART_Transmit_String>
     670:	81 e0       	ldi	r24, 0x01	; 1
     672:	da c1       	rjmp	.+948    	; 0xa28 <__stack+0x129>
     674:	62 e4       	ldi	r22, 0x42	; 66
     676:	71 e0       	ldi	r23, 0x01	; 1
     678:	0e 94 b0 0a 	call	0x1560	; 0x1560 <strcmp>
     67c:	89 2b       	or	r24, r25
     67e:	61 f4       	brne	.+24     	; 0x698 <USER_CMD_Switch+0x6a>
     680:	20 e0       	ldi	r18, 0x00	; 0
     682:	40 e0       	ldi	r20, 0x00	; 0
     684:	60 e0       	ldi	r22, 0x00	; 0
     686:	80 e0       	ldi	r24, 0x00	; 0
     688:	0e 94 fb 02 	call	0x5f6	; 0x5f6 <USER_SetClock>
     68c:	87 e4       	ldi	r24, 0x47	; 71
     68e:	91 e0       	ldi	r25, 0x01	; 1
     690:	0e 94 71 02 	call	0x4e2	; 0x4e2 <USART_Transmit_String>
     694:	82 e0       	ldi	r24, 0x02	; 2
     696:	c8 c1       	rjmp	.+912    	; 0xa28 <__stack+0x129>
     698:	67 e5       	ldi	r22, 0x57	; 87
     69a:	71 e0       	ldi	r23, 0x01	; 1
     69c:	c8 01       	movw	r24, r16
     69e:	0e 94 b0 0a 	call	0x1560	; 0x1560 <strcmp>
     6a2:	89 2b       	or	r24, r25
     6a4:	49 f4       	brne	.+18     	; 0x6b8 <USER_CMD_Switch+0x8a>
     6a6:	81 e0       	ldi	r24, 0x01	; 1
     6a8:	0e 94 4e 02 	call	0x49c	; 0x49c <MY_TIMX_Stop>
     6ac:	8c e5       	ldi	r24, 0x5C	; 92
     6ae:	91 e0       	ldi	r25, 0x01	; 1
     6b0:	0e 94 71 02 	call	0x4e2	; 0x4e2 <USART_Transmit_String>
     6b4:	83 e0       	ldi	r24, 0x03	; 3
     6b6:	b8 c1       	rjmp	.+880    	; 0xa28 <__stack+0x129>
     6b8:	6c e6       	ldi	r22, 0x6C	; 108
     6ba:	71 e0       	ldi	r23, 0x01	; 1
     6bc:	c8 01       	movw	r24, r16
     6be:	0e 94 b0 0a 	call	0x1560	; 0x1560 <strcmp>
     6c2:	89 2b       	or	r24, r25
     6c4:	51 f4       	brne	.+20     	; 0x6da <USER_CMD_Switch+0xac>
     6c6:	81 e7       	ldi	r24, 0x71	; 113
     6c8:	91 e0       	ldi	r25, 0x01	; 1
     6ca:	0e 94 71 02 	call	0x4e2	; 0x4e2 <USART_Transmit_String>
     6ce:	65 e0       	ldi	r22, 0x05	; 5
     6d0:	81 e0       	ldi	r24, 0x01	; 1
     6d2:	0e 94 f2 01 	call	0x3e4	; 0x3e4 <MY_TIMX_Start>
     6d6:	84 e0       	ldi	r24, 0x04	; 4
     6d8:	a7 c1       	rjmp	.+846    	; 0xa28 <__stack+0x129>
     6da:	c1 33       	cpi	r28, 0x31	; 49
     6dc:	99 f5       	brne	.+102    	; 0x744 <USER_CMD_Switch+0x116>
     6de:	f8 01       	movw	r30, r16
     6e0:	82 81       	ldd	r24, Z+2	; 0x02
     6e2:	83 33       	cpi	r24, 0x33	; 51
     6e4:	79 f5       	brne	.+94     	; 0x744 <USER_CMD_Switch+0x116>
     6e6:	81 e8       	ldi	r24, 0x81	; 129
     6e8:	91 e0       	ldi	r25, 0x01	; 1
     6ea:	0e 94 71 02 	call	0x4e2	; 0x4e2 <USART_Transmit_String>
     6ee:	f8 01       	movw	r30, r16
     6f0:	83 81       	ldd	r24, Z+3	; 0x03
     6f2:	90 e0       	ldi	r25, 0x00	; 0
     6f4:	c0 97       	sbiw	r24, 0x30	; 48
     6f6:	88 0f       	add	r24, r24
     6f8:	98 2f       	mov	r25, r24
     6fa:	99 0f       	add	r25, r25
     6fc:	99 0f       	add	r25, r25
     6fe:	89 0f       	add	r24, r25
     700:	94 81       	ldd	r25, Z+4	; 0x04
     702:	89 0f       	add	r24, r25
     704:	25 81       	ldd	r18, Z+5	; 0x05
     706:	30 e0       	ldi	r19, 0x00	; 0
     708:	20 53       	subi	r18, 0x30	; 48
     70a:	31 09       	sbc	r19, r1
     70c:	22 0f       	add	r18, r18
     70e:	62 2f       	mov	r22, r18
     710:	66 0f       	add	r22, r22
     712:	66 0f       	add	r22, r22
     714:	26 0f       	add	r18, r22
     716:	96 81       	ldd	r25, Z+6	; 0x06
     718:	62 2f       	mov	r22, r18
     71a:	69 0f       	add	r22, r25
     71c:	60 53       	subi	r22, 0x30	; 48
     71e:	27 81       	ldd	r18, Z+7	; 0x07
     720:	30 e0       	ldi	r19, 0x00	; 0
     722:	20 53       	subi	r18, 0x30	; 48
     724:	31 09       	sbc	r19, r1
     726:	22 0f       	add	r18, r18
     728:	42 2f       	mov	r20, r18
     72a:	44 0f       	add	r20, r20
     72c:	44 0f       	add	r20, r20
     72e:	24 0f       	add	r18, r20
     730:	90 85       	ldd	r25, Z+8	; 0x08
     732:	42 2f       	mov	r20, r18
     734:	49 0f       	add	r20, r25
     736:	40 53       	subi	r20, 0x30	; 48
     738:	20 e0       	ldi	r18, 0x00	; 0
     73a:	80 53       	subi	r24, 0x30	; 48
     73c:	0e 94 fb 02 	call	0x5f6	; 0x5f6 <USER_SetClock>
     740:	85 e0       	ldi	r24, 0x05	; 5
     742:	72 c1       	rjmp	.+740    	; 0xa28 <__stack+0x129>
     744:	c1 33       	cpi	r28, 0x31	; 49
     746:	09 f0       	breq	.+2      	; 0x74a <USER_CMD_Switch+0x11c>
     748:	6f c1       	rjmp	.+734    	; 0xa28 <__stack+0x129>
     74a:	f8 01       	movw	r30, r16
     74c:	82 81       	ldd	r24, Z+2	; 0x02
     74e:	84 33       	cpi	r24, 0x34	; 52
     750:	09 f0       	breq	.+2      	; 0x754 <USER_CMD_Switch+0x126>
     752:	6a c1       	rjmp	.+724    	; 0xa28 <__stack+0x129>
     754:	80 e9       	ldi	r24, 0x90	; 144
     756:	91 e0       	ldi	r25, 0x01	; 1
     758:	0e 94 71 02 	call	0x4e2	; 0x4e2 <USART_Transmit_String>
     75c:	f8 01       	movw	r30, r16
     75e:	83 81       	ldd	r24, Z+3	; 0x03
     760:	90 e0       	ldi	r25, 0x00	; 0
     762:	c0 97       	sbiw	r24, 0x30	; 48
     764:	88 0f       	add	r24, r24
     766:	98 2f       	mov	r25, r24
     768:	99 0f       	add	r25, r25
     76a:	99 0f       	add	r25, r25
     76c:	89 0f       	add	r24, r25
     76e:	94 81       	ldd	r25, Z+4	; 0x04
     770:	89 0f       	add	r24, r25
     772:	25 81       	ldd	r18, Z+5	; 0x05
     774:	30 e0       	ldi	r19, 0x00	; 0
     776:	20 53       	subi	r18, 0x30	; 48
     778:	31 09       	sbc	r19, r1
     77a:	22 0f       	add	r18, r18
     77c:	62 2f       	mov	r22, r18
     77e:	66 0f       	add	r22, r22
     780:	66 0f       	add	r22, r22
     782:	26 0f       	add	r18, r22
     784:	96 81       	ldd	r25, Z+6	; 0x06
     786:	62 2f       	mov	r22, r18
     788:	69 0f       	add	r22, r25
     78a:	60 53       	subi	r22, 0x30	; 48
     78c:	27 81       	ldd	r18, Z+7	; 0x07
     78e:	30 e0       	ldi	r19, 0x00	; 0
     790:	20 53       	subi	r18, 0x30	; 48
     792:	31 09       	sbc	r19, r1
     794:	22 0f       	add	r18, r18
     796:	42 2f       	mov	r20, r18
     798:	44 0f       	add	r20, r20
     79a:	44 0f       	add	r20, r20
     79c:	24 0f       	add	r18, r20
     79e:	90 85       	ldd	r25, Z+8	; 0x08
     7a0:	42 2f       	mov	r20, r18
     7a2:	49 0f       	add	r20, r25
     7a4:	40 53       	subi	r20, 0x30	; 48
     7a6:	20 e0       	ldi	r18, 0x00	; 0
     7a8:	80 53       	subi	r24, 0x30	; 48
     7aa:	0e 94 02 03 	call	0x604	; 0x604 <USER_SetAlarm>
     7ae:	41 e0       	ldi	r20, 0x01	; 1
     7b0:	51 e0       	ldi	r21, 0x01	; 1
     7b2:	65 e0       	ldi	r22, 0x05	; 5
     7b4:	73 e0       	ldi	r23, 0x03	; 3
     7b6:	87 e6       	ldi	r24, 0x67	; 103
     7b8:	93 e0       	ldi	r25, 0x03	; 3
     7ba:	0e 94 dd 00 	call	0x1ba	; 0x1ba <BinaryCodedDecimal>
     7be:	86 e0       	ldi	r24, 0x06	; 6
     7c0:	33 c1       	rjmp	.+614    	; 0xa28 <__stack+0x129>
     7c2:	6f e9       	ldi	r22, 0x9F	; 159
     7c4:	71 e0       	ldi	r23, 0x01	; 1
     7c6:	0e 94 b0 0a 	call	0x1560	; 0x1560 <strcmp>
     7ca:	89 2b       	or	r24, r25
     7cc:	61 f4       	brne	.+24     	; 0x7e6 <USER_CMD_Switch+0x1b8>
     7ce:	84 ea       	ldi	r24, 0xA4	; 164
     7d0:	91 e0       	ldi	r25, 0x01	; 1
     7d2:	0e 94 71 02 	call	0x4e2	; 0x4e2 <USART_Transmit_String>
     7d6:	20 e0       	ldi	r18, 0x00	; 0
     7d8:	40 e0       	ldi	r20, 0x00	; 0
     7da:	60 e0       	ldi	r22, 0x00	; 0
     7dc:	80 e0       	ldi	r24, 0x00	; 0
     7de:	0e 94 fb 02 	call	0x5f6	; 0x5f6 <USER_SetClock>
     7e2:	87 e0       	ldi	r24, 0x07	; 7
     7e4:	21 c1       	rjmp	.+578    	; 0xa28 <__stack+0x129>
     7e6:	68 eb       	ldi	r22, 0xB8	; 184
     7e8:	71 e0       	ldi	r23, 0x01	; 1
     7ea:	c8 01       	movw	r24, r16
     7ec:	0e 94 b0 0a 	call	0x1560	; 0x1560 <strcmp>
     7f0:	89 2b       	or	r24, r25
     7f2:	49 f4       	brne	.+18     	; 0x806 <__DATA_REGION_LENGTH__+0x6>
     7f4:	8d eb       	ldi	r24, 0xBD	; 189
     7f6:	91 e0       	ldi	r25, 0x01	; 1
     7f8:	0e 94 71 02 	call	0x4e2	; 0x4e2 <USART_Transmit_String>
     7fc:	82 e0       	ldi	r24, 0x02	; 2
     7fe:	0e 94 4e 02 	call	0x49c	; 0x49c <MY_TIMX_Stop>
     802:	88 e0       	ldi	r24, 0x08	; 8
     804:	11 c1       	rjmp	.+546    	; 0xa28 <__stack+0x129>
     806:	61 ed       	ldi	r22, 0xD1	; 209
     808:	71 e0       	ldi	r23, 0x01	; 1
     80a:	c8 01       	movw	r24, r16
     80c:	0e 94 b0 0a 	call	0x1560	; 0x1560 <strcmp>
     810:	89 2b       	or	r24, r25
     812:	51 f4       	brne	.+20     	; 0x828 <__DATA_REGION_LENGTH__+0x28>
     814:	86 ed       	ldi	r24, 0xD6	; 214
     816:	91 e0       	ldi	r25, 0x01	; 1
     818:	0e 94 71 02 	call	0x4e2	; 0x4e2 <USART_Transmit_String>
     81c:	67 e0       	ldi	r22, 0x07	; 7
     81e:	82 e0       	ldi	r24, 0x02	; 2
     820:	0e 94 f2 01 	call	0x3e4	; 0x3e4 <MY_TIMX_Start>
     824:	89 e0       	ldi	r24, 0x09	; 9
     826:	00 c1       	rjmp	.+512    	; 0xa28 <__stack+0x129>
     828:	c3 33       	cpi	r28, 0x33	; 51
     82a:	09 f0       	breq	.+2      	; 0x82e <__DATA_REGION_LENGTH__+0x2e>
     82c:	fd c0       	rjmp	.+506    	; 0xa28 <__stack+0x129>
     82e:	f8 01       	movw	r30, r16
     830:	82 81       	ldd	r24, Z+2	; 0x02
     832:	83 33       	cpi	r24, 0x33	; 51
     834:	09 f0       	breq	.+2      	; 0x838 <__DATA_REGION_LENGTH__+0x38>
     836:	f8 c0       	rjmp	.+496    	; 0xa28 <__stack+0x129>
     838:	8a ee       	ldi	r24, 0xEA	; 234
     83a:	91 e0       	ldi	r25, 0x01	; 1
     83c:	0e 94 71 02 	call	0x4e2	; 0x4e2 <USART_Transmit_String>
     840:	f8 01       	movw	r30, r16
     842:	83 81       	ldd	r24, Z+3	; 0x03
     844:	90 e0       	ldi	r25, 0x00	; 0
     846:	c0 97       	sbiw	r24, 0x30	; 48
     848:	88 0f       	add	r24, r24
     84a:	68 2f       	mov	r22, r24
     84c:	66 0f       	add	r22, r22
     84e:	66 0f       	add	r22, r22
     850:	86 0f       	add	r24, r22
     852:	94 81       	ldd	r25, Z+4	; 0x04
     854:	68 2f       	mov	r22, r24
     856:	69 0f       	add	r22, r25
     858:	60 53       	subi	r22, 0x30	; 48
     85a:	85 81       	ldd	r24, Z+5	; 0x05
     85c:	90 e0       	ldi	r25, 0x00	; 0
     85e:	c0 97       	sbiw	r24, 0x30	; 48
     860:	88 0f       	add	r24, r24
     862:	48 2f       	mov	r20, r24
     864:	44 0f       	add	r20, r20
     866:	44 0f       	add	r20, r20
     868:	84 0f       	add	r24, r20
     86a:	96 81       	ldd	r25, Z+6	; 0x06
     86c:	48 2f       	mov	r20, r24
     86e:	49 0f       	add	r20, r25
     870:	40 53       	subi	r20, 0x30	; 48
     872:	87 81       	ldd	r24, Z+7	; 0x07
     874:	90 e0       	ldi	r25, 0x00	; 0
     876:	c0 97       	sbiw	r24, 0x30	; 48
     878:	88 0f       	add	r24, r24
     87a:	28 2f       	mov	r18, r24
     87c:	22 0f       	add	r18, r18
     87e:	22 0f       	add	r18, r18
     880:	82 0f       	add	r24, r18
     882:	90 85       	ldd	r25, Z+8	; 0x08
     884:	28 2f       	mov	r18, r24
     886:	29 0f       	add	r18, r25
     888:	20 53       	subi	r18, 0x30	; 48
     88a:	80 e0       	ldi	r24, 0x00	; 0
     88c:	0e 94 10 03 	call	0x620	; 0x620 <USER_SetCountdown>
     890:	8a e0       	ldi	r24, 0x0A	; 10
     892:	ca c0       	rjmp	.+404    	; 0xa28 <__stack+0x129>
     894:	6d ef       	ldi	r22, 0xFD	; 253
     896:	71 e0       	ldi	r23, 0x01	; 1
     898:	0e 94 b0 0a 	call	0x1560	; 0x1560 <strcmp>
     89c:	89 2b       	or	r24, r25
     89e:	61 f4       	brne	.+24     	; 0x8b8 <__DATA_REGION_LENGTH__+0xb8>
     8a0:	82 e0       	ldi	r24, 0x02	; 2
     8a2:	92 e0       	ldi	r25, 0x02	; 2
     8a4:	0e 94 71 02 	call	0x4e2	; 0x4e2 <USART_Transmit_String>
     8a8:	20 e0       	ldi	r18, 0x00	; 0
     8aa:	40 e0       	ldi	r20, 0x00	; 0
     8ac:	60 e0       	ldi	r22, 0x00	; 0
     8ae:	80 e0       	ldi	r24, 0x00	; 0
     8b0:	0e 94 09 03 	call	0x612	; 0x612 <USER_SetChronometer>
     8b4:	8b e0       	ldi	r24, 0x0B	; 11
     8b6:	b8 c0       	rjmp	.+368    	; 0xa28 <__stack+0x129>
     8b8:	68 e1       	ldi	r22, 0x18	; 24
     8ba:	72 e0       	ldi	r23, 0x02	; 2
     8bc:	c8 01       	movw	r24, r16
     8be:	0e 94 b0 0a 	call	0x1560	; 0x1560 <strcmp>
     8c2:	89 2b       	or	r24, r25
     8c4:	49 f4       	brne	.+18     	; 0x8d8 <__DATA_REGION_LENGTH__+0xd8>
     8c6:	8d e1       	ldi	r24, 0x1D	; 29
     8c8:	92 e0       	ldi	r25, 0x02	; 2
     8ca:	0e 94 71 02 	call	0x4e2	; 0x4e2 <USART_Transmit_String>
     8ce:	82 e0       	ldi	r24, 0x02	; 2
     8d0:	0e 94 4e 02 	call	0x49c	; 0x49c <MY_TIMX_Stop>
     8d4:	8c e0       	ldi	r24, 0x0C	; 12
     8d6:	a8 c0       	rjmp	.+336    	; 0xa28 <__stack+0x129>
     8d8:	63 e3       	ldi	r22, 0x33	; 51
     8da:	72 e0       	ldi	r23, 0x02	; 2
     8dc:	c8 01       	movw	r24, r16
     8de:	0e 94 b0 0a 	call	0x1560	; 0x1560 <strcmp>
     8e2:	89 2b       	or	r24, r25
     8e4:	51 f4       	brne	.+20     	; 0x8fa <__DATA_REGION_LENGTH__+0xfa>
     8e6:	88 e3       	ldi	r24, 0x38	; 56
     8e8:	92 e0       	ldi	r25, 0x02	; 2
     8ea:	0e 94 71 02 	call	0x4e2	; 0x4e2 <USART_Transmit_String>
     8ee:	67 e0       	ldi	r22, 0x07	; 7
     8f0:	82 e0       	ldi	r24, 0x02	; 2
     8f2:	0e 94 f2 01 	call	0x3e4	; 0x3e4 <MY_TIMX_Start>
     8f6:	8d e0       	ldi	r24, 0x0D	; 13
     8f8:	97 c0       	rjmp	.+302    	; 0xa28 <__stack+0x129>
     8fa:	6e e4       	ldi	r22, 0x4E	; 78
     8fc:	72 e0       	ldi	r23, 0x02	; 2
     8fe:	c8 01       	movw	r24, r16
     900:	0e 94 b0 0a 	call	0x1560	; 0x1560 <strcmp>
     904:	89 2b       	or	r24, r25
     906:	09 f0       	breq	.+2      	; 0x90a <__stack+0xb>
     908:	8f c0       	rjmp	.+286    	; 0xa28 <__stack+0x129>
     90a:	83 e5       	ldi	r24, 0x53	; 83
     90c:	92 e0       	ldi	r25, 0x02	; 2
     90e:	0e 94 71 02 	call	0x4e2	; 0x4e2 <USART_Transmit_String>
     912:	80 91 f3 02 	lds	r24, 0x02F3	; 0x8002f3 <lapBuffer>
     916:	85 30       	cpi	r24, 0x05	; 5
     918:	c0 f4       	brcc	.+48     	; 0x94a <__stack+0x4b>
     91a:	e8 2f       	mov	r30, r24
     91c:	f0 e0       	ldi	r31, 0x00	; 0
     91e:	af e5       	ldi	r26, 0x5F	; 95
     920:	b3 e0       	ldi	r27, 0x03	; 3
     922:	9c 91       	ld	r25, X
     924:	ee 0f       	add	r30, r30
     926:	ff 1f       	adc	r31, r31
     928:	ee 0f       	add	r30, r30
     92a:	ff 1f       	adc	r31, r31
     92c:	e7 5d       	subi	r30, 0xD7	; 215
     92e:	fc 4f       	sbci	r31, 0xFC	; 252
     930:	90 83       	st	Z, r25
     932:	11 96       	adiw	r26, 0x01	; 1
     934:	9c 91       	ld	r25, X
     936:	11 97       	sbiw	r26, 0x01	; 1
     938:	91 83       	std	Z+1, r25	; 0x01
     93a:	12 96       	adiw	r26, 0x02	; 2
     93c:	9c 91       	ld	r25, X
     93e:	92 83       	std	Z+2, r25	; 0x02
     940:	8f 5f       	subi	r24, 0xFF	; 255
     942:	80 93 f3 02 	sts	0x02F3, r24	; 0x8002f3 <lapBuffer>
     946:	8e e0       	ldi	r24, 0x0E	; 14
     948:	6f c0       	rjmp	.+222    	; 0xa28 <__stack+0x129>
     94a:	af e5       	ldi	r26, 0x5F	; 95
     94c:	b3 e0       	ldi	r27, 0x03	; 3
     94e:	8c 91       	ld	r24, X
     950:	e9 e2       	ldi	r30, 0x29	; 41
     952:	f3 e0       	ldi	r31, 0x03	; 3
     954:	80 83       	st	Z, r24
     956:	11 96       	adiw	r26, 0x01	; 1
     958:	8c 91       	ld	r24, X
     95a:	11 97       	sbiw	r26, 0x01	; 1
     95c:	81 83       	std	Z+1, r24	; 0x01
     95e:	12 96       	adiw	r26, 0x02	; 2
     960:	8c 91       	ld	r24, X
     962:	82 83       	std	Z+2, r24	; 0x02
     964:	81 e0       	ldi	r24, 0x01	; 1
     966:	80 93 f3 02 	sts	0x02F3, r24	; 0x8002f3 <lapBuffer>
     96a:	8e e0       	ldi	r24, 0x0E	; 14
     96c:	5d c0       	rjmp	.+186    	; 0xa28 <__stack+0x129>
     96e:	61 e6       	ldi	r22, 0x61	; 97
     970:	72 e0       	ldi	r23, 0x02	; 2
     972:	0e 94 b0 0a 	call	0x1560	; 0x1560 <strcmp>
     976:	89 2b       	or	r24, r25
     978:	41 f4       	brne	.+16     	; 0x98a <__stack+0x8b>
     97a:	86 e6       	ldi	r24, 0x66	; 102
     97c:	92 e0       	ldi	r25, 0x02	; 2
     97e:	0e 94 71 02 	call	0x4e2	; 0x4e2 <USART_Transmit_String>
     982:	8f e0       	ldi	r24, 0x0F	; 15
     984:	80 93 00 01 	sts	0x0100, r24	; 0x800100 <__DATA_REGION_ORIGIN__>
     988:	4f c0       	rjmp	.+158    	; 0xa28 <__stack+0x129>
     98a:	65 e7       	ldi	r22, 0x75	; 117
     98c:	72 e0       	ldi	r23, 0x02	; 2
     98e:	c8 01       	movw	r24, r16
     990:	0e 94 b0 0a 	call	0x1560	; 0x1560 <strcmp>
     994:	89 2b       	or	r24, r25
     996:	41 f4       	brne	.+16     	; 0x9a8 <__stack+0xa9>
     998:	8a e7       	ldi	r24, 0x7A	; 122
     99a:	92 e0       	ldi	r25, 0x02	; 2
     99c:	0e 94 71 02 	call	0x4e2	; 0x4e2 <USART_Transmit_String>
     9a0:	80 e1       	ldi	r24, 0x10	; 16
     9a2:	80 93 00 01 	sts	0x0100, r24	; 0x800100 <__DATA_REGION_ORIGIN__>
     9a6:	40 c0       	rjmp	.+128    	; 0xa28 <__stack+0x129>
     9a8:	6d e8       	ldi	r22, 0x8D	; 141
     9aa:	72 e0       	ldi	r23, 0x02	; 2
     9ac:	c8 01       	movw	r24, r16
     9ae:	0e 94 b0 0a 	call	0x1560	; 0x1560 <strcmp>
     9b2:	89 2b       	or	r24, r25
     9b4:	51 f4       	brne	.+20     	; 0x9ca <__stack+0xcb>
     9b6:	10 92 f3 02 	sts	0x02F3, r1	; 0x8002f3 <lapBuffer>
     9ba:	82 e9       	ldi	r24, 0x92	; 146
     9bc:	92 e0       	ldi	r25, 0x02	; 2
     9be:	0e 94 71 02 	call	0x4e2	; 0x4e2 <USART_Transmit_String>
     9c2:	81 e1       	ldi	r24, 0x11	; 17
     9c4:	80 93 00 01 	sts	0x0100, r24	; 0x800100 <__DATA_REGION_ORIGIN__>
     9c8:	2f c0       	rjmp	.+94     	; 0xa28 <__stack+0x129>
     9ca:	67 ea       	ldi	r22, 0xA7	; 167
     9cc:	72 e0       	ldi	r23, 0x02	; 2
     9ce:	c8 01       	movw	r24, r16
     9d0:	0e 94 b0 0a 	call	0x1560	; 0x1560 <strcmp>
     9d4:	89 2b       	or	r24, r25
     9d6:	41 f4       	brne	.+16     	; 0x9e8 <__stack+0xe9>
     9d8:	8c ea       	ldi	r24, 0xAC	; 172
     9da:	92 e0       	ldi	r25, 0x02	; 2
     9dc:	0e 94 71 02 	call	0x4e2	; 0x4e2 <USART_Transmit_String>
     9e0:	82 e1       	ldi	r24, 0x12	; 18
     9e2:	80 93 00 01 	sts	0x0100, r24	; 0x800100 <__DATA_REGION_ORIGIN__>
     9e6:	20 c0       	rjmp	.+64     	; 0xa28 <__stack+0x129>
     9e8:	6b eb       	ldi	r22, 0xBB	; 187
     9ea:	72 e0       	ldi	r23, 0x02	; 2
     9ec:	c8 01       	movw	r24, r16
     9ee:	0e 94 b0 0a 	call	0x1560	; 0x1560 <strcmp>
     9f2:	89 2b       	or	r24, r25
     9f4:	41 f4       	brne	.+16     	; 0xa06 <__stack+0x107>
     9f6:	80 ec       	ldi	r24, 0xC0	; 192
     9f8:	92 e0       	ldi	r25, 0x02	; 2
     9fa:	0e 94 71 02 	call	0x4e2	; 0x4e2 <USART_Transmit_String>
     9fe:	83 e1       	ldi	r24, 0x13	; 19
     a00:	80 93 00 01 	sts	0x0100, r24	; 0x800100 <__DATA_REGION_ORIGIN__>
     a04:	11 c0       	rjmp	.+34     	; 0xa28 <__stack+0x129>
     a06:	65 ed       	ldi	r22, 0xD5	; 213
     a08:	72 e0       	ldi	r23, 0x02	; 2
     a0a:	c8 01       	movw	r24, r16
     a0c:	0e 94 b0 0a 	call	0x1560	; 0x1560 <strcmp>
     a10:	89 2b       	or	r24, r25
     a12:	51 f4       	brne	.+20     	; 0xa28 <__stack+0x129>
     a14:	10 92 f3 02 	sts	0x02F3, r1	; 0x8002f3 <lapBuffer>
     a18:	8a ed       	ldi	r24, 0xDA	; 218
     a1a:	92 e0       	ldi	r25, 0x02	; 2
     a1c:	0e 94 71 02 	call	0x4e2	; 0x4e2 <USART_Transmit_String>
     a20:	85 e1       	ldi	r24, 0x15	; 21
     a22:	80 93 00 01 	sts	0x0100, r24	; 0x800100 <__DATA_REGION_ORIGIN__>
     a26:	00 c0       	rjmp	.+0      	; 0xa28 <__stack+0x129>
     a28:	cf 91       	pop	r28
     a2a:	1f 91       	pop	r17
     a2c:	0f 91       	pop	r16
     a2e:	08 95       	ret

00000a30 <main>:
     a30:	0e 94 e7 01 	call	0x3ce	; 0x3ce <MY_GPIO_Init>
     a34:	0e 94 64 02 	call	0x4c8	; 0x4c8 <MY_USART_Init>
     a38:	78 94       	sei
     a3a:	2f ef       	ldi	r18, 0xFF	; 255
     a3c:	39 e6       	ldi	r19, 0x69	; 105
     a3e:	48 e1       	ldi	r20, 0x18	; 24
     a40:	21 50       	subi	r18, 0x01	; 1
     a42:	30 40       	sbci	r19, 0x00	; 0
     a44:	40 40       	sbci	r20, 0x00	; 0
     a46:	e1 f7       	brne	.-8      	; 0xa40 <main+0x10>
     a48:	00 c0       	rjmp	.+0      	; 0xa4a <main+0x1a>
     a4a:	00 00       	nop
     a4c:	0e 94 82 02 	call	0x504	; 0x504 <USER_Loggin>
     a50:	0e 94 e1 01 	call	0x3c2	; 0x3c2 <MY_EXTI_Init>
     a54:	0e 94 c4 01 	call	0x388	; 0x388 <MY_ADC_Init>
     a58:	0e 94 11 02 	call	0x422	; 0x422 <MY_TIM0_Init>
     a5c:	0e 94 21 02 	call	0x442	; 0x442 <MY_TIM1_Init>
     a60:	0e 94 3a 02 	call	0x474	; 0x474 <MY_TIM2_Init>
     a64:	8e e1       	ldi	r24, 0x1E	; 30
     a66:	80 93 68 03 	sts	0x0368, r24	; 0x800368 <TimeMainAlaram+0x1>
     a6a:	41 e0       	ldi	r20, 0x01	; 1
     a6c:	51 e0       	ldi	r21, 0x01	; 1
     a6e:	65 e0       	ldi	r22, 0x05	; 5
     a70:	73 e0       	ldi	r23, 0x03	; 3
     a72:	87 e6       	ldi	r24, 0x67	; 103
     a74:	93 e0       	ldi	r25, 0x03	; 3
     a76:	0e 94 dd 00 	call	0x1ba	; 0x1ba <BinaryCodedDecimal>
     a7a:	80 91 f4 02 	lds	r24, 0x02F4	; 0x8002f4 <USART0_Flag>
     a7e:	81 30       	cpi	r24, 0x01	; 1
     a80:	41 f4       	brne	.+16     	; 0xa92 <main+0x62>
     a82:	8d e3       	ldi	r24, 0x3D	; 61
     a84:	93 e0       	ldi	r25, 0x03	; 3
     a86:	0e 94 17 03 	call	0x62e	; 0x62e <USER_CMD_Switch>
     a8a:	80 93 4d 03 	sts	0x034D, r24	; 0x80034d <UESR_CMD_state>
     a8e:	10 92 f4 02 	sts	0x02F4, r1	; 0x8002f4 <USART0_Flag>
     a92:	80 91 00 01 	lds	r24, 0x0100	; 0x800100 <__DATA_REGION_ORIGIN__>
     a96:	83 31       	cpi	r24, 0x13	; 19
     a98:	09 f0       	breq	.+2      	; 0xa9c <main+0x6c>
     a9a:	cd c0       	rjmp	.+410    	; 0xc36 <main+0x206>
     a9c:	82 e0       	ldi	r24, 0x02	; 2
     a9e:	0e 94 cd 01 	call	0x39a	; 0x39a <Analog_Read>
     aa2:	9c 01       	movw	r18, r24
     aa4:	90 93 f1 02 	sts	0x02F1, r25	; 0x8002f1 <ADCreadout+0x1>
     aa8:	80 93 f0 02 	sts	0x02F0, r24	; 0x8002f0 <ADCreadout>
     aac:	ac 01       	movw	r20, r24
     aae:	44 0f       	add	r20, r20
     ab0:	55 1f       	adc	r21, r21
     ab2:	88 0f       	add	r24, r24
     ab4:	99 1f       	adc	r25, r25
     ab6:	88 0f       	add	r24, r24
     ab8:	99 1f       	adc	r25, r25
     aba:	88 0f       	add	r24, r24
     abc:	99 1f       	adc	r25, r25
     abe:	84 0f       	add	r24, r20
     ac0:	95 1f       	adc	r25, r21
     ac2:	60 e0       	ldi	r22, 0x00	; 0
     ac4:	74 e0       	ldi	r23, 0x04	; 4
     ac6:	62 1b       	sub	r22, r18
     ac8:	73 0b       	sbc	r23, r19
     aca:	0e 94 82 0a 	call	0x1504	; 0x1504 <__udivmodhi4>
     ace:	70 93 ef 02 	sts	0x02EF, r23	; 0x8002ef <activeResistance+0x1>
     ad2:	60 93 ee 02 	sts	0x02EE, r22	; 0x8002ee <activeResistance>
     ad6:	80 e0       	ldi	r24, 0x00	; 0
     ad8:	90 e0       	ldi	r25, 0x00	; 0
     ada:	0e 94 02 09 	call	0x1204	; 0x1204 <__floatunsisf>
     ade:	20 e0       	ldi	r18, 0x00	; 0
     ae0:	30 e0       	ldi	r19, 0x00	; 0
     ae2:	40 e2       	ldi	r20, 0x20	; 32
     ae4:	51 e4       	ldi	r21, 0x41	; 65
     ae6:	0e 94 5a 08 	call	0x10b4	; 0x10b4 <__divsf3>
     aea:	0e 94 98 09 	call	0x1330	; 0x1330 <log>
     aee:	2c e2       	ldi	r18, 0x2C	; 44
     af0:	3b eb       	ldi	r19, 0xBB	; 187
     af2:	44 e8       	ldi	r20, 0x84	; 132
     af4:	59 e3       	ldi	r21, 0x39	; 57
     af6:	0e 94 e0 09 	call	0x13c0	; 0x13c0 <__mulsf3>
     afa:	22 e6       	ldi	r18, 0x62	; 98
     afc:	3b ee       	ldi	r19, 0xEB	; 235
     afe:	4b e5       	ldi	r20, 0x5B	; 91
     b00:	5b e3       	ldi	r21, 0x3B	; 59
     b02:	0e 94 ee 07 	call	0xfdc	; 0xfdc <__addsf3>
     b06:	9b 01       	movw	r18, r22
     b08:	ac 01       	movw	r20, r24
     b0a:	60 e0       	ldi	r22, 0x00	; 0
     b0c:	70 e0       	ldi	r23, 0x00	; 0
     b0e:	80 e8       	ldi	r24, 0x80	; 128
     b10:	9f e3       	ldi	r25, 0x3F	; 63
     b12:	0e 94 5a 08 	call	0x10b4	; 0x10b4 <__divsf3>
     b16:	6b 01       	movw	r12, r22
     b18:	7c 01       	movw	r14, r24
     b1a:	60 93 ea 02 	sts	0x02EA, r22	; 0x8002ea <temperature>
     b1e:	70 93 eb 02 	sts	0x02EB, r23	; 0x8002eb <temperature+0x1>
     b22:	80 93 ec 02 	sts	0x02EC, r24	; 0x8002ec <temperature+0x2>
     b26:	90 93 ed 02 	sts	0x02ED, r25	; 0x8002ed <temperature+0x3>
     b2a:	0e 94 cc 08 	call	0x1198	; 0x1198 <__fixsfsi>
     b2e:	c6 2f       	mov	r28, r22
     b30:	86 2f       	mov	r24, r22
     b32:	97 2f       	mov	r25, r23
     b34:	64 e6       	ldi	r22, 0x64	; 100
     b36:	70 e0       	ldi	r23, 0x00	; 0
     b38:	0e 94 96 0a 	call	0x152c	; 0x152c <__divmodhi4>
     b3c:	d6 2f       	mov	r29, r22
     b3e:	08 e4       	ldi	r16, 0x48	; 72
     b40:	13 e0       	ldi	r17, 0x03	; 3
     b42:	f8 01       	movw	r30, r16
     b44:	63 83       	std	Z+3, r22	; 0x03
     b46:	f4 e6       	ldi	r31, 0x64	; 100
     b48:	6f 9f       	mul	r22, r31
     b4a:	c0 19       	sub	r28, r0
     b4c:	11 24       	eor	r1, r1
     b4e:	f8 01       	movw	r30, r16
     b50:	c2 83       	std	Z+2, r28	; 0x02
     b52:	f4 e6       	ldi	r31, 0x64	; 100
     b54:	6f 02       	muls	r22, r31
     b56:	b0 01       	movw	r22, r0
     b58:	11 24       	eor	r1, r1
     b5a:	07 2e       	mov	r0, r23
     b5c:	00 0c       	add	r0, r0
     b5e:	88 0b       	sbc	r24, r24
     b60:	99 0b       	sbc	r25, r25
     b62:	0e 94 04 09 	call	0x1208	; 0x1208 <__floatsisf>
     b66:	9b 01       	movw	r18, r22
     b68:	ac 01       	movw	r20, r24
     b6a:	c7 01       	movw	r24, r14
     b6c:	b6 01       	movw	r22, r12
     b6e:	0e 94 ed 07 	call	0xfda	; 0xfda <__subsf3>
     b72:	4b 01       	movw	r8, r22
     b74:	5c 01       	movw	r10, r24
     b76:	6c 2f       	mov	r22, r28
     b78:	cc 0f       	add	r28, r28
     b7a:	77 0b       	sbc	r23, r23
     b7c:	88 0b       	sbc	r24, r24
     b7e:	99 0b       	sbc	r25, r25
     b80:	0e 94 04 09 	call	0x1208	; 0x1208 <__floatsisf>
     b84:	2b 01       	movw	r4, r22
     b86:	3c 01       	movw	r6, r24
     b88:	9b 01       	movw	r18, r22
     b8a:	ac 01       	movw	r20, r24
     b8c:	c5 01       	movw	r24, r10
     b8e:	b4 01       	movw	r22, r8
     b90:	0e 94 ed 07 	call	0xfda	; 0xfda <__subsf3>
     b94:	2a e0       	ldi	r18, 0x0A	; 10
     b96:	37 ed       	ldi	r19, 0xD7	; 215
     b98:	43 e2       	ldi	r20, 0x23	; 35
     b9a:	5c e3       	ldi	r21, 0x3C	; 60
     b9c:	0e 94 5a 08 	call	0x10b4	; 0x10b4 <__divsf3>
     ba0:	0e 94 cc 08 	call	0x1198	; 0x1198 <__fixsfsi>
     ba4:	c6 2f       	mov	r28, r22
     ba6:	f8 01       	movw	r30, r16
     ba8:	61 83       	std	Z+1, r22	; 0x01
     baa:	6d 2f       	mov	r22, r29
     bac:	dd 0f       	add	r29, r29
     bae:	77 0b       	sbc	r23, r23
     bb0:	88 0b       	sbc	r24, r24
     bb2:	99 0b       	sbc	r25, r25
     bb4:	0e 94 04 09 	call	0x1208	; 0x1208 <__floatsisf>
     bb8:	20 e0       	ldi	r18, 0x00	; 0
     bba:	30 e0       	ldi	r19, 0x00	; 0
     bbc:	48 ec       	ldi	r20, 0xC8	; 200
     bbe:	52 e4       	ldi	r21, 0x42	; 66
     bc0:	0e 94 e0 09 	call	0x13c0	; 0x13c0 <__mulsf3>
     bc4:	9b 01       	movw	r18, r22
     bc6:	ac 01       	movw	r20, r24
     bc8:	c7 01       	movw	r24, r14
     bca:	b6 01       	movw	r22, r12
     bcc:	0e 94 ed 07 	call	0xfda	; 0xfda <__subsf3>
     bd0:	a3 01       	movw	r20, r6
     bd2:	92 01       	movw	r18, r4
     bd4:	0e 94 ed 07 	call	0xfda	; 0xfda <__subsf3>
     bd8:	6b 01       	movw	r12, r22
     bda:	7c 01       	movw	r14, r24
     bdc:	6c 2f       	mov	r22, r28
     bde:	cc 0f       	add	r28, r28
     be0:	77 0b       	sbc	r23, r23
     be2:	88 0b       	sbc	r24, r24
     be4:	99 0b       	sbc	r25, r25
     be6:	0e 94 04 09 	call	0x1208	; 0x1208 <__floatsisf>
     bea:	2a e0       	ldi	r18, 0x0A	; 10
     bec:	37 ed       	ldi	r19, 0xD7	; 215
     bee:	43 e2       	ldi	r20, 0x23	; 35
     bf0:	5c e3       	ldi	r21, 0x3C	; 60
     bf2:	0e 94 e0 09 	call	0x13c0	; 0x13c0 <__mulsf3>
     bf6:	9b 01       	movw	r18, r22
     bf8:	ac 01       	movw	r20, r24
     bfa:	c7 01       	movw	r24, r14
     bfc:	b6 01       	movw	r22, r12
     bfe:	0e 94 ed 07 	call	0xfda	; 0xfda <__subsf3>
     c02:	27 e1       	ldi	r18, 0x17	; 23
     c04:	37 eb       	ldi	r19, 0xB7	; 183
     c06:	41 ed       	ldi	r20, 0xD1	; 209
     c08:	58 e3       	ldi	r21, 0x38	; 56
     c0a:	0e 94 5a 08 	call	0x10b4	; 0x10b4 <__divsf3>
     c0e:	0e 94 cc 08 	call	0x1198	; 0x1198 <__fixsfsi>
     c12:	f8 01       	movw	r30, r16
     c14:	60 83       	st	Z, r22
     c16:	41 e0       	ldi	r20, 0x01	; 1
     c18:	51 e0       	ldi	r21, 0x01	; 1
     c1a:	6d ef       	ldi	r22, 0xFD	; 253
     c1c:	72 e0       	ldi	r23, 0x02	; 2
     c1e:	c8 01       	movw	r24, r16
     c20:	0e 94 dd 00 	call	0x1ba	; 0x1ba <BinaryCodedDecimal>
     c24:	ff ef       	ldi	r31, 0xFF	; 255
     c26:	23 ec       	ldi	r18, 0xC3	; 195
     c28:	39 e0       	ldi	r19, 0x09	; 9
     c2a:	f1 50       	subi	r31, 0x01	; 1
     c2c:	20 40       	sbci	r18, 0x00	; 0
     c2e:	30 40       	sbci	r19, 0x00	; 0
     c30:	e1 f7       	brne	.-8      	; 0xc2a <main+0x1fa>
     c32:	00 c0       	rjmp	.+0      	; 0xc34 <main+0x204>
     c34:	00 00       	nop
     c36:	80 91 00 01 	lds	r24, 0x0100	; 0x800100 <__DATA_REGION_ORIGIN__>
     c3a:	85 31       	cpi	r24, 0x15	; 21
     c3c:	89 f5       	brne	.+98     	; 0xca0 <main+0x270>
     c3e:	80 93 00 01 	sts	0x0100, r24	; 0x800100 <__DATA_REGION_ORIGIN__>
     c42:	4f ef       	ldi	r20, 0xFF	; 255
     c44:	89 e6       	ldi	r24, 0x69	; 105
     c46:	98 e1       	ldi	r25, 0x18	; 24
     c48:	41 50       	subi	r20, 0x01	; 1
     c4a:	80 40       	sbci	r24, 0x00	; 0
     c4c:	90 40       	sbci	r25, 0x00	; 0
     c4e:	e1 f7       	brne	.-8      	; 0xc48 <main+0x218>
     c50:	00 c0       	rjmp	.+0      	; 0xc52 <main+0x222>
     c52:	00 00       	nop
     c54:	80 91 f3 02 	lds	r24, 0x02F3	; 0x8002f3 <lapBuffer>
     c58:	90 e0       	ldi	r25, 0x00	; 0
     c5a:	01 96       	adiw	r24, 0x01	; 1
     c5c:	06 97       	sbiw	r24, 0x06	; 6
     c5e:	14 f0       	brlt	.+4      	; 0xc64 <main+0x234>
     c60:	10 92 f3 02 	sts	0x02F3, r1	; 0x8002f3 <lapBuffer>
     c64:	80 91 f3 02 	lds	r24, 0x02F3	; 0x8002f3 <lapBuffer>
     c68:	90 e0       	ldi	r25, 0x00	; 0
     c6a:	9c 01       	movw	r18, r24
     c6c:	2f 5f       	subi	r18, 0xFF	; 255
     c6e:	3f 4f       	sbci	r19, 0xFF	; 255
     c70:	88 0f       	add	r24, r24
     c72:	99 1f       	adc	r25, r25
     c74:	88 0f       	add	r24, r24
     c76:	99 1f       	adc	r25, r25
     c78:	87 5d       	subi	r24, 0xD7	; 215
     c7a:	9c 4f       	sbci	r25, 0xFC	; 252
     c7c:	22 0f       	add	r18, r18
     c7e:	32 2f       	mov	r19, r18
     c80:	33 0f       	add	r19, r19
     c82:	33 0f       	add	r19, r19
     c84:	23 0f       	add	r18, r19
     c86:	fc 01       	movw	r30, r24
     c88:	23 83       	std	Z+3, r18	; 0x03
     c8a:	41 e0       	ldi	r20, 0x01	; 1
     c8c:	51 e0       	ldi	r21, 0x01	; 1
     c8e:	65 ef       	ldi	r22, 0xF5	; 245
     c90:	72 e0       	ldi	r23, 0x02	; 2
     c92:	0e 94 dd 00 	call	0x1ba	; 0x1ba <BinaryCodedDecimal>
     c96:	80 91 f3 02 	lds	r24, 0x02F3	; 0x8002f3 <lapBuffer>
     c9a:	8f 5f       	subi	r24, 0xFF	; 255
     c9c:	80 93 f3 02 	sts	0x02F3, r24	; 0x8002f3 <lapBuffer>
     ca0:	80 91 00 01 	lds	r24, 0x0100	; 0x800100 <__DATA_REGION_ORIGIN__>
     ca4:	8f 30       	cpi	r24, 0x0F	; 15
     ca6:	09 f0       	breq	.+2      	; 0xcaa <main+0x27a>
     ca8:	e8 ce       	rjmp	.-560    	; 0xa7a <main+0x4a>
     caa:	90 91 28 03 	lds	r25, 0x0328	; 0x800328 <TimeMainClock+0x3>
     cae:	80 91 6a 03 	lds	r24, 0x036A	; 0x80036a <TimeMainAlaram+0x3>
     cb2:	98 13       	cpse	r25, r24
     cb4:	e2 ce       	rjmp	.-572    	; 0xa7a <main+0x4a>
     cb6:	90 91 27 03 	lds	r25, 0x0327	; 0x800327 <TimeMainClock+0x2>
     cba:	80 91 69 03 	lds	r24, 0x0369	; 0x800369 <TimeMainAlaram+0x2>
     cbe:	98 13       	cpse	r25, r24
     cc0:	dc ce       	rjmp	.-584    	; 0xa7a <main+0x4a>
     cc2:	90 91 26 03 	lds	r25, 0x0326	; 0x800326 <TimeMainClock+0x1>
     cc6:	80 91 68 03 	lds	r24, 0x0368	; 0x800368 <TimeMainAlaram+0x1>
     cca:	98 13       	cpse	r25, r24
     ccc:	d6 ce       	rjmp	.-596    	; 0xa7a <main+0x4a>
     cce:	1a c0       	rjmp	.+52     	; 0xd04 <main+0x2d4>
     cd0:	22 e1       	ldi	r18, 0x12	; 18
     cd2:	20 93 00 01 	sts	0x0100, r18	; 0x800100 <__DATA_REGION_ORIGIN__>
     cd6:	ff ef       	ldi	r31, 0xFF	; 255
     cd8:	29 e6       	ldi	r18, 0x69	; 105
     cda:	38 e1       	ldi	r19, 0x18	; 24
     cdc:	f1 50       	subi	r31, 0x01	; 1
     cde:	20 40       	sbci	r18, 0x00	; 0
     ce0:	30 40       	sbci	r19, 0x00	; 0
     ce2:	e1 f7       	brne	.-8      	; 0xcdc <main+0x2ac>
     ce4:	00 c0       	rjmp	.+0      	; 0xce6 <main+0x2b6>
     ce6:	00 00       	nop
     ce8:	24 e1       	ldi	r18, 0x14	; 20
     cea:	20 93 00 01 	sts	0x0100, r18	; 0x800100 <__DATA_REGION_ORIGIN__>
     cee:	4f ef       	ldi	r20, 0xFF	; 255
     cf0:	e9 e6       	ldi	r30, 0x69	; 105
     cf2:	f8 e1       	ldi	r31, 0x18	; 24
     cf4:	41 50       	subi	r20, 0x01	; 1
     cf6:	e0 40       	sbci	r30, 0x00	; 0
     cf8:	f0 40       	sbci	r31, 0x00	; 0
     cfa:	e1 f7       	brne	.-8      	; 0xcf4 <main+0x2c4>
     cfc:	00 c0       	rjmp	.+0      	; 0xcfe <main+0x2ce>
     cfe:	00 00       	nop
     d00:	01 96       	adiw	r24, 0x01	; 1
     d02:	02 c0       	rjmp	.+4      	; 0xd08 <main+0x2d8>
     d04:	80 e0       	ldi	r24, 0x00	; 0
     d06:	90 e0       	ldi	r25, 0x00	; 0
     d08:	83 30       	cpi	r24, 0x03	; 3
     d0a:	91 05       	cpc	r25, r1
     d0c:	0c f3       	brlt	.-62     	; 0xcd0 <main+0x2a0>
     d0e:	8f e0       	ldi	r24, 0x0F	; 15
     d10:	80 93 00 01 	sts	0x0100, r24	; 0x800100 <__DATA_REGION_ORIGIN__>
     d14:	b2 ce       	rjmp	.-668    	; 0xa7a <main+0x4a>

00000d16 <__vector_14>:
	
}

ISR(TIMER0_COMPA_vect){
     d16:	1f 92       	push	r1
     d18:	0f 92       	push	r0
     d1a:	0f b6       	in	r0, 0x3f	; 63
     d1c:	0f 92       	push	r0
     d1e:	11 24       	eor	r1, r1
     d20:	2f 93       	push	r18
     d22:	3f 93       	push	r19
     d24:	4f 93       	push	r20
     d26:	5f 93       	push	r21
     d28:	6f 93       	push	r22
     d2a:	7f 93       	push	r23
     d2c:	8f 93       	push	r24
     d2e:	9f 93       	push	r25
     d30:	af 93       	push	r26
     d32:	bf 93       	push	r27
     d34:	ef 93       	push	r30
     d36:	ff 93       	push	r31
	switch(MY_Display_state){
     d38:	e0 91 00 01 	lds	r30, 0x0100	; 0x800100 <__DATA_REGION_ORIGIN__>
     d3c:	8e 2f       	mov	r24, r30
     d3e:	90 e0       	ldi	r25, 0x00	; 0
     d40:	fc 01       	movw	r30, r24
     d42:	3f 97       	sbiw	r30, 0x0f	; 15
     d44:	e7 30       	cpi	r30, 0x07	; 7
     d46:	f1 05       	cpc	r31, r1
     d48:	98 f5       	brcc	.+102    	; 0xdb0 <__vector_14+0x9a>
     d4a:	ec 5c       	subi	r30, 0xCC	; 204
     d4c:	ff 4f       	sbci	r31, 0xFF	; 255
     d4e:	0c 94 aa 0a 	jmp	0x1554	; 0x1554 <__tablejump2__>
		case CMD_STATUS_CODE_DISPLAY_CHRONOMETER:
			ShiftRegister(PORTC0, PORTC1, myDisplayChronometer);
     d52:	4d e0       	ldi	r20, 0x0D	; 13
     d54:	53 e0       	ldi	r21, 0x03	; 3
     d56:	61 e0       	ldi	r22, 0x01	; 1
     d58:	80 e0       	ldi	r24, 0x00	; 0
     d5a:	0e 94 80 01 	call	0x300	; 0x300 <ShiftRegister>
		break;
     d5e:	2c c0       	rjmp	.+88     	; 0xdb8 <__vector_14+0xa2>
		
		case CMD_STATUS_CODE_DISPLAY_CLOCK:
			ShiftRegister(PORTC0, PORTC1, myDisplayClock);
     d60:	4d e1       	ldi	r20, 0x1D	; 29
     d62:	53 e0       	ldi	r21, 0x03	; 3
     d64:	61 e0       	ldi	r22, 0x01	; 1
     d66:	80 e0       	ldi	r24, 0x00	; 0
     d68:	0e 94 80 01 	call	0x300	; 0x300 <ShiftRegister>
		break;
     d6c:	25 c0       	rjmp	.+74     	; 0xdb8 <__vector_14+0xa2>
		
		case CMD_STATUS_CODE_DISPLAY_COUNTDOWN:
			ShiftRegister(PORTC0, PORTC1, myDisplayCountdown);
     d6e:	45 e1       	ldi	r20, 0x15	; 21
     d70:	53 e0       	ldi	r21, 0x03	; 3
     d72:	61 e0       	ldi	r22, 0x01	; 1
     d74:	80 e0       	ldi	r24, 0x00	; 0
     d76:	0e 94 80 01 	call	0x300	; 0x300 <ShiftRegister>
		break;
     d7a:	1e c0       	rjmp	.+60     	; 0xdb8 <__vector_14+0xa2>
		
		case CMD_STATUS_CODE_DISPLAY_TEMPERATURE:
			ShiftRegister(PORTC0, PORTC1, myDisplayTemperature);
     d7c:	4d ef       	ldi	r20, 0xFD	; 253
     d7e:	52 e0       	ldi	r21, 0x02	; 2
     d80:	61 e0       	ldi	r22, 0x01	; 1
     d82:	80 e0       	ldi	r24, 0x00	; 0
     d84:	0e 94 80 01 	call	0x300	; 0x300 <ShiftRegister>
		break;
     d88:	17 c0       	rjmp	.+46     	; 0xdb8 <__vector_14+0xa2>
		
		case CMD_STATUS_CODE_DISPLAY_ALARM:
			ShiftRegister(PORTC0, PORTC1, myDisplayAlarm);
     d8a:	45 e0       	ldi	r20, 0x05	; 5
     d8c:	53 e0       	ldi	r21, 0x03	; 3
     d8e:	61 e0       	ldi	r22, 0x01	; 1
     d90:	80 e0       	ldi	r24, 0x00	; 0
     d92:	0e 94 80 01 	call	0x300	; 0x300 <ShiftRegister>
		break;
     d96:	10 c0       	rjmp	.+32     	; 0xdb8 <__vector_14+0xa2>
		
		case CMD_STATUS_CODE_DISPLAY_LAP:
			ShiftRegister(PORTC0, PORTC1, myDisplayLap);
     d98:	45 ef       	ldi	r20, 0xF5	; 245
     d9a:	52 e0       	ldi	r21, 0x02	; 2
     d9c:	61 e0       	ldi	r22, 0x01	; 1
     d9e:	80 e0       	ldi	r24, 0x00	; 0
     da0:	0e 94 80 01 	call	0x300	; 0x300 <ShiftRegister>
		break;
     da4:	09 c0       	rjmp	.+18     	; 0xdb8 <__vector_14+0xa2>
		
		case CMD_STATUS_CODE_DISPLAY_NONE:
			PORTC ^= (1 << PORTC0);
     da6:	98 b1       	in	r25, 0x08	; 8
     da8:	81 e0       	ldi	r24, 0x01	; 1
     daa:	89 27       	eor	r24, r25
     dac:	88 b9       	out	0x08, r24	; 8
		break;
     dae:	04 c0       	rjmp	.+8      	; 0xdb8 <__vector_14+0xa2>
		
		default:
			PORTC ^= (1 << PORTC0);
     db0:	98 b1       	in	r25, 0x08	; 8
     db2:	81 e0       	ldi	r24, 0x01	; 1
     db4:	89 27       	eor	r24, r25
     db6:	88 b9       	out	0x08, r24	; 8
		break;
	}
}
     db8:	ff 91       	pop	r31
     dba:	ef 91       	pop	r30
     dbc:	bf 91       	pop	r27
     dbe:	af 91       	pop	r26
     dc0:	9f 91       	pop	r25
     dc2:	8f 91       	pop	r24
     dc4:	7f 91       	pop	r23
     dc6:	6f 91       	pop	r22
     dc8:	5f 91       	pop	r21
     dca:	4f 91       	pop	r20
     dcc:	3f 91       	pop	r19
     dce:	2f 91       	pop	r18
     dd0:	0f 90       	pop	r0
     dd2:	0f be       	out	0x3f, r0	; 63
     dd4:	0f 90       	pop	r0
     dd6:	1f 90       	pop	r1
     dd8:	18 95       	reti

00000dda <__vector_11>:

ISR(TIMER1_COMPA_vect){
     dda:	1f 92       	push	r1
     ddc:	0f 92       	push	r0
     dde:	0f b6       	in	r0, 0x3f	; 63
     de0:	0f 92       	push	r0
     de2:	11 24       	eor	r1, r1
     de4:	2f 93       	push	r18
     de6:	3f 93       	push	r19
     de8:	4f 93       	push	r20
     dea:	5f 93       	push	r21
     dec:	6f 93       	push	r22
     dee:	7f 93       	push	r23
     df0:	8f 93       	push	r24
     df2:	9f 93       	push	r25
     df4:	af 93       	push	r26
     df6:	bf 93       	push	r27
     df8:	ef 93       	push	r30
     dfa:	ff 93       	push	r31
	USER_Clock(&TimeMainClock, myDisplayClock, BCD);
     dfc:	41 e0       	ldi	r20, 0x01	; 1
     dfe:	51 e0       	ldi	r21, 0x01	; 1
     e00:	6d e1       	ldi	r22, 0x1D	; 29
     e02:	73 e0       	ldi	r23, 0x03	; 3
     e04:	85 e2       	ldi	r24, 0x25	; 37
     e06:	93 e0       	ldi	r25, 0x03	; 3
     e08:	0e 94 b6 02 	call	0x56c	; 0x56c <USER_Clock>
}
     e0c:	ff 91       	pop	r31
     e0e:	ef 91       	pop	r30
     e10:	bf 91       	pop	r27
     e12:	af 91       	pop	r26
     e14:	9f 91       	pop	r25
     e16:	8f 91       	pop	r24
     e18:	7f 91       	pop	r23
     e1a:	6f 91       	pop	r22
     e1c:	5f 91       	pop	r21
     e1e:	4f 91       	pop	r20
     e20:	3f 91       	pop	r19
     e22:	2f 91       	pop	r18
     e24:	0f 90       	pop	r0
     e26:	0f be       	out	0x3f, r0	; 63
     e28:	0f 90       	pop	r0
     e2a:	1f 90       	pop	r1
     e2c:	18 95       	reti

00000e2e <__vector_7>:

ISR(TIMER2_COMPA_vect){
     e2e:	1f 92       	push	r1
     e30:	0f 92       	push	r0
     e32:	0f b6       	in	r0, 0x3f	; 63
     e34:	0f 92       	push	r0
     e36:	11 24       	eor	r1, r1
     e38:	2f 93       	push	r18
     e3a:	3f 93       	push	r19
     e3c:	4f 93       	push	r20
     e3e:	5f 93       	push	r21
     e40:	6f 93       	push	r22
     e42:	7f 93       	push	r23
     e44:	8f 93       	push	r24
     e46:	9f 93       	push	r25
     e48:	af 93       	push	r26
     e4a:	bf 93       	push	r27
     e4c:	ef 93       	push	r30
     e4e:	ff 93       	push	r31
	switch(MY_Display_state){
     e50:	80 91 00 01 	lds	r24, 0x0100	; 0x800100 <__DATA_REGION_ORIGIN__>
     e54:	80 31       	cpi	r24, 0x10	; 16
     e56:	19 f0       	breq	.+6      	; 0xe5e <__vector_7+0x30>
     e58:	81 31       	cpi	r24, 0x11	; 17
     e5a:	51 f0       	breq	.+20     	; 0xe70 <__vector_7+0x42>
     e5c:	11 c0       	rjmp	.+34     	; 0xe80 <__vector_7+0x52>
		case CMD_STATUS_CODE_DISPLAY_COUNTDOWN:
			USER_Countdown(&TimeMainCountdown, myDisplayCountdown, BCD);
     e5e:	41 e0       	ldi	r20, 0x01	; 1
     e60:	51 e0       	ldi	r21, 0x01	; 1
     e62:	65 e1       	ldi	r22, 0x15	; 21
     e64:	73 e0       	ldi	r23, 0x03	; 3
     e66:	83 e6       	ldi	r24, 0x63	; 99
     e68:	93 e0       	ldi	r25, 0x03	; 3
     e6a:	0e 94 e4 02 	call	0x5c8	; 0x5c8 <USER_Countdown>
		break;
     e6e:	08 c0       	rjmp	.+16     	; 0xe80 <__vector_7+0x52>
		case CMD_STATUS_CODE_DISPLAY_CHRONOMETER:
			USER_Chronometer(&TimeMainCronometer, myDisplayChronometer, BCD);
     e70:	41 e0       	ldi	r20, 0x01	; 1
     e72:	51 e0       	ldi	r21, 0x01	; 1
     e74:	6d e0       	ldi	r22, 0x0D	; 13
     e76:	73 e0       	ldi	r23, 0x03	; 3
     e78:	8f e5       	ldi	r24, 0x5F	; 95
     e7a:	93 e0       	ldi	r25, 0x03	; 3
     e7c:	0e 94 cd 02 	call	0x59a	; 0x59a <USER_Chronometer>
		break;
		default:
		break;
	}
}
     e80:	ff 91       	pop	r31
     e82:	ef 91       	pop	r30
     e84:	bf 91       	pop	r27
     e86:	af 91       	pop	r26
     e88:	9f 91       	pop	r25
     e8a:	8f 91       	pop	r24
     e8c:	7f 91       	pop	r23
     e8e:	6f 91       	pop	r22
     e90:	5f 91       	pop	r21
     e92:	4f 91       	pop	r20
     e94:	3f 91       	pop	r19
     e96:	2f 91       	pop	r18
     e98:	0f 90       	pop	r0
     e9a:	0f be       	out	0x3f, r0	; 63
     e9c:	0f 90       	pop	r0
     e9e:	1f 90       	pop	r1
     ea0:	18 95       	reti

00000ea2 <__vector_18>:

ISR(USART_RX_vect){
     ea2:	1f 92       	push	r1
     ea4:	0f 92       	push	r0
     ea6:	0f b6       	in	r0, 0x3f	; 63
     ea8:	0f 92       	push	r0
     eaa:	11 24       	eor	r1, r1
     eac:	2f 93       	push	r18
     eae:	3f 93       	push	r19
     eb0:	8f 93       	push	r24
     eb2:	9f 93       	push	r25
     eb4:	ef 93       	push	r30
     eb6:	ff 93       	push	r31
	static uint8_t myISRCnt = 0;
	USART_Buffer[myISRCnt] = UDR0;
     eb8:	80 91 e9 02 	lds	r24, 0x02E9	; 0x8002e9 <myISRCnt.2474>
     ebc:	90 e0       	ldi	r25, 0x00	; 0
     ebe:	20 91 c6 00 	lds	r18, 0x00C6	; 0x8000c6 <__TEXT_REGION_LENGTH__+0x7f80c6>
     ec2:	fc 01       	movw	r30, r24
     ec4:	e3 5c       	subi	r30, 0xC3	; 195
     ec6:	fc 4f       	sbci	r31, 0xFC	; 252
     ec8:	20 83       	st	Z, r18
	//Check if first buffer element equals to '<' (0x3c)
	if (USART_Buffer[0] != '<'){
     eca:	30 91 3d 03 	lds	r19, 0x033D	; 0x80033d <USART_Buffer>
     ece:	3c 33       	cpi	r19, 0x3C	; 60
     ed0:	41 f4       	brne	.+16     	; 0xee2 <__vector_18+0x40>
     ed2:	0e c0       	rjmp	.+28     	; 0xef0 <__vector_18+0x4e>
		//Clear USART read buffer
		for (uint8_t i = 0; i < USART_BUFFER_SIZE; i++){
			USART_Buffer[i] = 0;
     ed4:	e8 2f       	mov	r30, r24
     ed6:	f0 e0       	ldi	r31, 0x00	; 0
     ed8:	e3 5c       	subi	r30, 0xC3	; 195
     eda:	fc 4f       	sbci	r31, 0xFC	; 252
     edc:	10 82       	st	Z, r1
	static uint8_t myISRCnt = 0;
	USART_Buffer[myISRCnt] = UDR0;
	//Check if first buffer element equals to '<' (0x3c)
	if (USART_Buffer[0] != '<'){
		//Clear USART read buffer
		for (uint8_t i = 0; i < USART_BUFFER_SIZE; i++){
     ede:	8f 5f       	subi	r24, 0xFF	; 255
     ee0:	01 c0       	rjmp	.+2      	; 0xee4 <__vector_18+0x42>
     ee2:	80 e0       	ldi	r24, 0x00	; 0
     ee4:	8b 30       	cpi	r24, 0x0B	; 11
     ee6:	b0 f3       	brcs	.-20     	; 0xed4 <__vector_18+0x32>
			USART_Buffer[i] = 0;
		}
		myISRCnt= 255;
     ee8:	8f ef       	ldi	r24, 0xFF	; 255
     eea:	80 93 e9 02 	sts	0x02E9, r24	; 0x8002e9 <myISRCnt.2474>
     eee:	0c c0       	rjmp	.+24     	; 0xf08 <__vector_18+0x66>
	}else if (USART_Buffer[myISRCnt] == '>'){
     ef0:	2e 33       	cpi	r18, 0x3E	; 62
     ef2:	51 f4       	brne	.+20     	; 0xf08 <__vector_18+0x66>
		USART_Buffer[myISRCnt + 1] = '\0';
     ef4:	fc 01       	movw	r30, r24
     ef6:	e2 5c       	subi	r30, 0xC2	; 194
     ef8:	fc 4f       	sbci	r31, 0xFC	; 252
     efa:	10 82       	st	Z, r1
		myISRCnt = 255;
     efc:	8f ef       	ldi	r24, 0xFF	; 255
     efe:	80 93 e9 02 	sts	0x02E9, r24	; 0x8002e9 <myISRCnt.2474>
		USART0_Flag = 1;
     f02:	81 e0       	ldi	r24, 0x01	; 1
     f04:	80 93 f4 02 	sts	0x02F4, r24	; 0x8002f4 <USART0_Flag>
		
	}
	myISRCnt++;
     f08:	80 91 e9 02 	lds	r24, 0x02E9	; 0x8002e9 <myISRCnt.2474>
     f0c:	8f 5f       	subi	r24, 0xFF	; 255
     f0e:	80 93 e9 02 	sts	0x02E9, r24	; 0x8002e9 <myISRCnt.2474>
}
     f12:	ff 91       	pop	r31
     f14:	ef 91       	pop	r30
     f16:	9f 91       	pop	r25
     f18:	8f 91       	pop	r24
     f1a:	3f 91       	pop	r19
     f1c:	2f 91       	pop	r18
     f1e:	0f 90       	pop	r0
     f20:	0f be       	out	0x3f, r0	; 63
     f22:	0f 90       	pop	r0
     f24:	1f 90       	pop	r1
     f26:	18 95       	reti

00000f28 <__vector_1>:

ISR (INT0_vect){
     f28:	1f 92       	push	r1
     f2a:	0f 92       	push	r0
     f2c:	0f b6       	in	r0, 0x3f	; 63
     f2e:	0f 92       	push	r0
     f30:	11 24       	eor	r1, r1
     f32:	2f 93       	push	r18
     f34:	3f 93       	push	r19
     f36:	4f 93       	push	r20
     f38:	5f 93       	push	r21
     f3a:	6f 93       	push	r22
     f3c:	7f 93       	push	r23
     f3e:	8f 93       	push	r24
     f40:	9f 93       	push	r25
     f42:	af 93       	push	r26
     f44:	bf 93       	push	r27
     f46:	ef 93       	push	r30
     f48:	ff 93       	push	r31
	PORTB ^= (1 << PORTB5);
     f4a:	95 b1       	in	r25, 0x05	; 5
     f4c:	80 e2       	ldi	r24, 0x20	; 32
     f4e:	89 27       	eor	r24, r25
     f50:	85 b9       	out	0x05, r24	; 5
	USART_Transmit_String("Saving a lap\n");
     f52:	83 e5       	ldi	r24, 0x53	; 83
     f54:	92 e0       	ldi	r25, 0x02	; 2
     f56:	0e 94 71 02 	call	0x4e2	; 0x4e2 <USART_Transmit_String>
	if (MY_Display_state == CMD_STATUS_CODE_DISPLAY_CHRONOMETER){
     f5a:	80 91 00 01 	lds	r24, 0x0100	; 0x800100 <__DATA_REGION_ORIGIN__>
     f5e:	81 31       	cpi	r24, 0x11	; 17
     f60:	59 f5       	brne	.+86     	; 0xfb8 <__vector_1+0x90>
		if (lapBuffer < LAP_BUFFER_SIZE){
     f62:	80 91 f3 02 	lds	r24, 0x02F3	; 0x8002f3 <lapBuffer>
     f66:	85 30       	cpi	r24, 0x05	; 5
     f68:	b8 f4       	brcc	.+46     	; 0xf98 <__vector_1+0x70>
			TimeMainLap[lapBuffer].miliseconds = TimeMainCronometer.miliseconds;
     f6a:	e8 2f       	mov	r30, r24
     f6c:	f0 e0       	ldi	r31, 0x00	; 0
     f6e:	af e5       	ldi	r26, 0x5F	; 95
     f70:	b3 e0       	ldi	r27, 0x03	; 3
     f72:	9c 91       	ld	r25, X
     f74:	ee 0f       	add	r30, r30
     f76:	ff 1f       	adc	r31, r31
     f78:	ee 0f       	add	r30, r30
     f7a:	ff 1f       	adc	r31, r31
     f7c:	e7 5d       	subi	r30, 0xD7	; 215
     f7e:	fc 4f       	sbci	r31, 0xFC	; 252
     f80:	90 83       	st	Z, r25
			TimeMainLap[lapBuffer].seconds = TimeMainCronometer.seconds;
     f82:	11 96       	adiw	r26, 0x01	; 1
     f84:	9c 91       	ld	r25, X
     f86:	11 97       	sbiw	r26, 0x01	; 1
     f88:	91 83       	std	Z+1, r25	; 0x01
			TimeMainLap[lapBuffer].minutes = TimeMainCronometer.minutes;
     f8a:	12 96       	adiw	r26, 0x02	; 2
     f8c:	9c 91       	ld	r25, X
     f8e:	92 83       	std	Z+2, r25	; 0x02
			lapBuffer++;
     f90:	8f 5f       	subi	r24, 0xFF	; 255
     f92:	80 93 f3 02 	sts	0x02F3, r24	; 0x8002f3 <lapBuffer>
     f96:	10 c0       	rjmp	.+32     	; 0xfb8 <__vector_1+0x90>
		}else{
			lapBuffer = 0;
			TimeMainLap[lapBuffer].miliseconds = TimeMainCronometer.miliseconds;
     f98:	af e5       	ldi	r26, 0x5F	; 95
     f9a:	b3 e0       	ldi	r27, 0x03	; 3
     f9c:	8c 91       	ld	r24, X
     f9e:	e9 e2       	ldi	r30, 0x29	; 41
     fa0:	f3 e0       	ldi	r31, 0x03	; 3
     fa2:	80 83       	st	Z, r24
			TimeMainLap[lapBuffer].seconds = TimeMainCronometer.seconds;
     fa4:	11 96       	adiw	r26, 0x01	; 1
     fa6:	8c 91       	ld	r24, X
     fa8:	11 97       	sbiw	r26, 0x01	; 1
     faa:	81 83       	std	Z+1, r24	; 0x01
			TimeMainLap[lapBuffer].minutes = TimeMainCronometer.minutes;
     fac:	12 96       	adiw	r26, 0x02	; 2
     fae:	8c 91       	ld	r24, X
     fb0:	82 83       	std	Z+2, r24	; 0x02
			lapBuffer++;
     fb2:	81 e0       	ldi	r24, 0x01	; 1
     fb4:	80 93 f3 02 	sts	0x02F3, r24	; 0x8002f3 <lapBuffer>
		}
	}
				
     fb8:	ff 91       	pop	r31
     fba:	ef 91       	pop	r30
     fbc:	bf 91       	pop	r27
     fbe:	af 91       	pop	r26
     fc0:	9f 91       	pop	r25
     fc2:	8f 91       	pop	r24
     fc4:	7f 91       	pop	r23
     fc6:	6f 91       	pop	r22
     fc8:	5f 91       	pop	r21
     fca:	4f 91       	pop	r20
     fcc:	3f 91       	pop	r19
     fce:	2f 91       	pop	r18
     fd0:	0f 90       	pop	r0
     fd2:	0f be       	out	0x3f, r0	; 63
     fd4:	0f 90       	pop	r0
     fd6:	1f 90       	pop	r1
     fd8:	18 95       	reti

00000fda <__subsf3>:
     fda:	50 58       	subi	r21, 0x80	; 128

00000fdc <__addsf3>:
     fdc:	bb 27       	eor	r27, r27
     fde:	aa 27       	eor	r26, r26
     fe0:	0e 94 05 08 	call	0x100a	; 0x100a <__addsf3x>
     fe4:	0c 94 56 09 	jmp	0x12ac	; 0x12ac <__fp_round>
     fe8:	0e 94 48 09 	call	0x1290	; 0x1290 <__fp_pscA>
     fec:	38 f0       	brcs	.+14     	; 0xffc <__addsf3+0x20>
     fee:	0e 94 4f 09 	call	0x129e	; 0x129e <__fp_pscB>
     ff2:	20 f0       	brcs	.+8      	; 0xffc <__addsf3+0x20>
     ff4:	39 f4       	brne	.+14     	; 0x1004 <__addsf3+0x28>
     ff6:	9f 3f       	cpi	r25, 0xFF	; 255
     ff8:	19 f4       	brne	.+6      	; 0x1000 <__addsf3+0x24>
     ffa:	26 f4       	brtc	.+8      	; 0x1004 <__addsf3+0x28>
     ffc:	0c 94 45 09 	jmp	0x128a	; 0x128a <__fp_nan>
    1000:	0e f4       	brtc	.+2      	; 0x1004 <__addsf3+0x28>
    1002:	e0 95       	com	r30
    1004:	e7 fb       	bst	r30, 7
    1006:	0c 94 3f 09 	jmp	0x127e	; 0x127e <__fp_inf>

0000100a <__addsf3x>:
    100a:	e9 2f       	mov	r30, r25
    100c:	0e 94 67 09 	call	0x12ce	; 0x12ce <__fp_split3>
    1010:	58 f3       	brcs	.-42     	; 0xfe8 <__addsf3+0xc>
    1012:	ba 17       	cp	r27, r26
    1014:	62 07       	cpc	r22, r18
    1016:	73 07       	cpc	r23, r19
    1018:	84 07       	cpc	r24, r20
    101a:	95 07       	cpc	r25, r21
    101c:	20 f0       	brcs	.+8      	; 0x1026 <__addsf3x+0x1c>
    101e:	79 f4       	brne	.+30     	; 0x103e <__addsf3x+0x34>
    1020:	a6 f5       	brtc	.+104    	; 0x108a <__addsf3x+0x80>
    1022:	0c 94 89 09 	jmp	0x1312	; 0x1312 <__fp_zero>
    1026:	0e f4       	brtc	.+2      	; 0x102a <__addsf3x+0x20>
    1028:	e0 95       	com	r30
    102a:	0b 2e       	mov	r0, r27
    102c:	ba 2f       	mov	r27, r26
    102e:	a0 2d       	mov	r26, r0
    1030:	0b 01       	movw	r0, r22
    1032:	b9 01       	movw	r22, r18
    1034:	90 01       	movw	r18, r0
    1036:	0c 01       	movw	r0, r24
    1038:	ca 01       	movw	r24, r20
    103a:	a0 01       	movw	r20, r0
    103c:	11 24       	eor	r1, r1
    103e:	ff 27       	eor	r31, r31
    1040:	59 1b       	sub	r21, r25
    1042:	99 f0       	breq	.+38     	; 0x106a <__addsf3x+0x60>
    1044:	59 3f       	cpi	r21, 0xF9	; 249
    1046:	50 f4       	brcc	.+20     	; 0x105c <__addsf3x+0x52>
    1048:	50 3e       	cpi	r21, 0xE0	; 224
    104a:	68 f1       	brcs	.+90     	; 0x10a6 <__addsf3x+0x9c>
    104c:	1a 16       	cp	r1, r26
    104e:	f0 40       	sbci	r31, 0x00	; 0
    1050:	a2 2f       	mov	r26, r18
    1052:	23 2f       	mov	r18, r19
    1054:	34 2f       	mov	r19, r20
    1056:	44 27       	eor	r20, r20
    1058:	58 5f       	subi	r21, 0xF8	; 248
    105a:	f3 cf       	rjmp	.-26     	; 0x1042 <__addsf3x+0x38>
    105c:	46 95       	lsr	r20
    105e:	37 95       	ror	r19
    1060:	27 95       	ror	r18
    1062:	a7 95       	ror	r26
    1064:	f0 40       	sbci	r31, 0x00	; 0
    1066:	53 95       	inc	r21
    1068:	c9 f7       	brne	.-14     	; 0x105c <__addsf3x+0x52>
    106a:	7e f4       	brtc	.+30     	; 0x108a <__addsf3x+0x80>
    106c:	1f 16       	cp	r1, r31
    106e:	ba 0b       	sbc	r27, r26
    1070:	62 0b       	sbc	r22, r18
    1072:	73 0b       	sbc	r23, r19
    1074:	84 0b       	sbc	r24, r20
    1076:	ba f0       	brmi	.+46     	; 0x10a6 <__addsf3x+0x9c>
    1078:	91 50       	subi	r25, 0x01	; 1
    107a:	a1 f0       	breq	.+40     	; 0x10a4 <__addsf3x+0x9a>
    107c:	ff 0f       	add	r31, r31
    107e:	bb 1f       	adc	r27, r27
    1080:	66 1f       	adc	r22, r22
    1082:	77 1f       	adc	r23, r23
    1084:	88 1f       	adc	r24, r24
    1086:	c2 f7       	brpl	.-16     	; 0x1078 <__addsf3x+0x6e>
    1088:	0e c0       	rjmp	.+28     	; 0x10a6 <__addsf3x+0x9c>
    108a:	ba 0f       	add	r27, r26
    108c:	62 1f       	adc	r22, r18
    108e:	73 1f       	adc	r23, r19
    1090:	84 1f       	adc	r24, r20
    1092:	48 f4       	brcc	.+18     	; 0x10a6 <__addsf3x+0x9c>
    1094:	87 95       	ror	r24
    1096:	77 95       	ror	r23
    1098:	67 95       	ror	r22
    109a:	b7 95       	ror	r27
    109c:	f7 95       	ror	r31
    109e:	9e 3f       	cpi	r25, 0xFE	; 254
    10a0:	08 f0       	brcs	.+2      	; 0x10a4 <__addsf3x+0x9a>
    10a2:	b0 cf       	rjmp	.-160    	; 0x1004 <__addsf3+0x28>
    10a4:	93 95       	inc	r25
    10a6:	88 0f       	add	r24, r24
    10a8:	08 f0       	brcs	.+2      	; 0x10ac <__addsf3x+0xa2>
    10aa:	99 27       	eor	r25, r25
    10ac:	ee 0f       	add	r30, r30
    10ae:	97 95       	ror	r25
    10b0:	87 95       	ror	r24
    10b2:	08 95       	ret

000010b4 <__divsf3>:
    10b4:	0e 94 6e 08 	call	0x10dc	; 0x10dc <__divsf3x>
    10b8:	0c 94 56 09 	jmp	0x12ac	; 0x12ac <__fp_round>
    10bc:	0e 94 4f 09 	call	0x129e	; 0x129e <__fp_pscB>
    10c0:	58 f0       	brcs	.+22     	; 0x10d8 <__divsf3+0x24>
    10c2:	0e 94 48 09 	call	0x1290	; 0x1290 <__fp_pscA>
    10c6:	40 f0       	brcs	.+16     	; 0x10d8 <__divsf3+0x24>
    10c8:	29 f4       	brne	.+10     	; 0x10d4 <__divsf3+0x20>
    10ca:	5f 3f       	cpi	r21, 0xFF	; 255
    10cc:	29 f0       	breq	.+10     	; 0x10d8 <__divsf3+0x24>
    10ce:	0c 94 3f 09 	jmp	0x127e	; 0x127e <__fp_inf>
    10d2:	51 11       	cpse	r21, r1
    10d4:	0c 94 8a 09 	jmp	0x1314	; 0x1314 <__fp_szero>
    10d8:	0c 94 45 09 	jmp	0x128a	; 0x128a <__fp_nan>

000010dc <__divsf3x>:
    10dc:	0e 94 67 09 	call	0x12ce	; 0x12ce <__fp_split3>
    10e0:	68 f3       	brcs	.-38     	; 0x10bc <__divsf3+0x8>

000010e2 <__divsf3_pse>:
    10e2:	99 23       	and	r25, r25
    10e4:	b1 f3       	breq	.-20     	; 0x10d2 <__divsf3+0x1e>
    10e6:	55 23       	and	r21, r21
    10e8:	91 f3       	breq	.-28     	; 0x10ce <__divsf3+0x1a>
    10ea:	95 1b       	sub	r25, r21
    10ec:	55 0b       	sbc	r21, r21
    10ee:	bb 27       	eor	r27, r27
    10f0:	aa 27       	eor	r26, r26
    10f2:	62 17       	cp	r22, r18
    10f4:	73 07       	cpc	r23, r19
    10f6:	84 07       	cpc	r24, r20
    10f8:	38 f0       	brcs	.+14     	; 0x1108 <__divsf3_pse+0x26>
    10fa:	9f 5f       	subi	r25, 0xFF	; 255
    10fc:	5f 4f       	sbci	r21, 0xFF	; 255
    10fe:	22 0f       	add	r18, r18
    1100:	33 1f       	adc	r19, r19
    1102:	44 1f       	adc	r20, r20
    1104:	aa 1f       	adc	r26, r26
    1106:	a9 f3       	breq	.-22     	; 0x10f2 <__divsf3_pse+0x10>
    1108:	35 d0       	rcall	.+106    	; 0x1174 <__divsf3_pse+0x92>
    110a:	0e 2e       	mov	r0, r30
    110c:	3a f0       	brmi	.+14     	; 0x111c <__divsf3_pse+0x3a>
    110e:	e0 e8       	ldi	r30, 0x80	; 128
    1110:	32 d0       	rcall	.+100    	; 0x1176 <__divsf3_pse+0x94>
    1112:	91 50       	subi	r25, 0x01	; 1
    1114:	50 40       	sbci	r21, 0x00	; 0
    1116:	e6 95       	lsr	r30
    1118:	00 1c       	adc	r0, r0
    111a:	ca f7       	brpl	.-14     	; 0x110e <__divsf3_pse+0x2c>
    111c:	2b d0       	rcall	.+86     	; 0x1174 <__divsf3_pse+0x92>
    111e:	fe 2f       	mov	r31, r30
    1120:	29 d0       	rcall	.+82     	; 0x1174 <__divsf3_pse+0x92>
    1122:	66 0f       	add	r22, r22
    1124:	77 1f       	adc	r23, r23
    1126:	88 1f       	adc	r24, r24
    1128:	bb 1f       	adc	r27, r27
    112a:	26 17       	cp	r18, r22
    112c:	37 07       	cpc	r19, r23
    112e:	48 07       	cpc	r20, r24
    1130:	ab 07       	cpc	r26, r27
    1132:	b0 e8       	ldi	r27, 0x80	; 128
    1134:	09 f0       	breq	.+2      	; 0x1138 <__divsf3_pse+0x56>
    1136:	bb 0b       	sbc	r27, r27
    1138:	80 2d       	mov	r24, r0
    113a:	bf 01       	movw	r22, r30
    113c:	ff 27       	eor	r31, r31
    113e:	93 58       	subi	r25, 0x83	; 131
    1140:	5f 4f       	sbci	r21, 0xFF	; 255
    1142:	3a f0       	brmi	.+14     	; 0x1152 <__divsf3_pse+0x70>
    1144:	9e 3f       	cpi	r25, 0xFE	; 254
    1146:	51 05       	cpc	r21, r1
    1148:	78 f0       	brcs	.+30     	; 0x1168 <__divsf3_pse+0x86>
    114a:	0c 94 3f 09 	jmp	0x127e	; 0x127e <__fp_inf>
    114e:	0c 94 8a 09 	jmp	0x1314	; 0x1314 <__fp_szero>
    1152:	5f 3f       	cpi	r21, 0xFF	; 255
    1154:	e4 f3       	brlt	.-8      	; 0x114e <__divsf3_pse+0x6c>
    1156:	98 3e       	cpi	r25, 0xE8	; 232
    1158:	d4 f3       	brlt	.-12     	; 0x114e <__divsf3_pse+0x6c>
    115a:	86 95       	lsr	r24
    115c:	77 95       	ror	r23
    115e:	67 95       	ror	r22
    1160:	b7 95       	ror	r27
    1162:	f7 95       	ror	r31
    1164:	9f 5f       	subi	r25, 0xFF	; 255
    1166:	c9 f7       	brne	.-14     	; 0x115a <__divsf3_pse+0x78>
    1168:	88 0f       	add	r24, r24
    116a:	91 1d       	adc	r25, r1
    116c:	96 95       	lsr	r25
    116e:	87 95       	ror	r24
    1170:	97 f9       	bld	r25, 7
    1172:	08 95       	ret
    1174:	e1 e0       	ldi	r30, 0x01	; 1
    1176:	66 0f       	add	r22, r22
    1178:	77 1f       	adc	r23, r23
    117a:	88 1f       	adc	r24, r24
    117c:	bb 1f       	adc	r27, r27
    117e:	62 17       	cp	r22, r18
    1180:	73 07       	cpc	r23, r19
    1182:	84 07       	cpc	r24, r20
    1184:	ba 07       	cpc	r27, r26
    1186:	20 f0       	brcs	.+8      	; 0x1190 <__divsf3_pse+0xae>
    1188:	62 1b       	sub	r22, r18
    118a:	73 0b       	sbc	r23, r19
    118c:	84 0b       	sbc	r24, r20
    118e:	ba 0b       	sbc	r27, r26
    1190:	ee 1f       	adc	r30, r30
    1192:	88 f7       	brcc	.-30     	; 0x1176 <__divsf3_pse+0x94>
    1194:	e0 95       	com	r30
    1196:	08 95       	ret

00001198 <__fixsfsi>:
    1198:	0e 94 d3 08 	call	0x11a6	; 0x11a6 <__fixunssfsi>
    119c:	68 94       	set
    119e:	b1 11       	cpse	r27, r1
    11a0:	0c 94 8a 09 	jmp	0x1314	; 0x1314 <__fp_szero>
    11a4:	08 95       	ret

000011a6 <__fixunssfsi>:
    11a6:	0e 94 6f 09 	call	0x12de	; 0x12de <__fp_splitA>
    11aa:	88 f0       	brcs	.+34     	; 0x11ce <__fixunssfsi+0x28>
    11ac:	9f 57       	subi	r25, 0x7F	; 127
    11ae:	98 f0       	brcs	.+38     	; 0x11d6 <__fixunssfsi+0x30>
    11b0:	b9 2f       	mov	r27, r25
    11b2:	99 27       	eor	r25, r25
    11b4:	b7 51       	subi	r27, 0x17	; 23
    11b6:	b0 f0       	brcs	.+44     	; 0x11e4 <__fixunssfsi+0x3e>
    11b8:	e1 f0       	breq	.+56     	; 0x11f2 <__fixunssfsi+0x4c>
    11ba:	66 0f       	add	r22, r22
    11bc:	77 1f       	adc	r23, r23
    11be:	88 1f       	adc	r24, r24
    11c0:	99 1f       	adc	r25, r25
    11c2:	1a f0       	brmi	.+6      	; 0x11ca <__fixunssfsi+0x24>
    11c4:	ba 95       	dec	r27
    11c6:	c9 f7       	brne	.-14     	; 0x11ba <__fixunssfsi+0x14>
    11c8:	14 c0       	rjmp	.+40     	; 0x11f2 <__fixunssfsi+0x4c>
    11ca:	b1 30       	cpi	r27, 0x01	; 1
    11cc:	91 f0       	breq	.+36     	; 0x11f2 <__fixunssfsi+0x4c>
    11ce:	0e 94 89 09 	call	0x1312	; 0x1312 <__fp_zero>
    11d2:	b1 e0       	ldi	r27, 0x01	; 1
    11d4:	08 95       	ret
    11d6:	0c 94 89 09 	jmp	0x1312	; 0x1312 <__fp_zero>
    11da:	67 2f       	mov	r22, r23
    11dc:	78 2f       	mov	r23, r24
    11de:	88 27       	eor	r24, r24
    11e0:	b8 5f       	subi	r27, 0xF8	; 248
    11e2:	39 f0       	breq	.+14     	; 0x11f2 <__fixunssfsi+0x4c>
    11e4:	b9 3f       	cpi	r27, 0xF9	; 249
    11e6:	cc f3       	brlt	.-14     	; 0x11da <__fixunssfsi+0x34>
    11e8:	86 95       	lsr	r24
    11ea:	77 95       	ror	r23
    11ec:	67 95       	ror	r22
    11ee:	b3 95       	inc	r27
    11f0:	d9 f7       	brne	.-10     	; 0x11e8 <__fixunssfsi+0x42>
    11f2:	3e f4       	brtc	.+14     	; 0x1202 <__fixunssfsi+0x5c>
    11f4:	90 95       	com	r25
    11f6:	80 95       	com	r24
    11f8:	70 95       	com	r23
    11fa:	61 95       	neg	r22
    11fc:	7f 4f       	sbci	r23, 0xFF	; 255
    11fe:	8f 4f       	sbci	r24, 0xFF	; 255
    1200:	9f 4f       	sbci	r25, 0xFF	; 255
    1202:	08 95       	ret

00001204 <__floatunsisf>:
    1204:	e8 94       	clt
    1206:	09 c0       	rjmp	.+18     	; 0x121a <__floatsisf+0x12>

00001208 <__floatsisf>:
    1208:	97 fb       	bst	r25, 7
    120a:	3e f4       	brtc	.+14     	; 0x121a <__floatsisf+0x12>
    120c:	90 95       	com	r25
    120e:	80 95       	com	r24
    1210:	70 95       	com	r23
    1212:	61 95       	neg	r22
    1214:	7f 4f       	sbci	r23, 0xFF	; 255
    1216:	8f 4f       	sbci	r24, 0xFF	; 255
    1218:	9f 4f       	sbci	r25, 0xFF	; 255
    121a:	99 23       	and	r25, r25
    121c:	a9 f0       	breq	.+42     	; 0x1248 <__floatsisf+0x40>
    121e:	f9 2f       	mov	r31, r25
    1220:	96 e9       	ldi	r25, 0x96	; 150
    1222:	bb 27       	eor	r27, r27
    1224:	93 95       	inc	r25
    1226:	f6 95       	lsr	r31
    1228:	87 95       	ror	r24
    122a:	77 95       	ror	r23
    122c:	67 95       	ror	r22
    122e:	b7 95       	ror	r27
    1230:	f1 11       	cpse	r31, r1
    1232:	f8 cf       	rjmp	.-16     	; 0x1224 <__floatsisf+0x1c>
    1234:	fa f4       	brpl	.+62     	; 0x1274 <__floatsisf+0x6c>
    1236:	bb 0f       	add	r27, r27
    1238:	11 f4       	brne	.+4      	; 0x123e <__floatsisf+0x36>
    123a:	60 ff       	sbrs	r22, 0
    123c:	1b c0       	rjmp	.+54     	; 0x1274 <__floatsisf+0x6c>
    123e:	6f 5f       	subi	r22, 0xFF	; 255
    1240:	7f 4f       	sbci	r23, 0xFF	; 255
    1242:	8f 4f       	sbci	r24, 0xFF	; 255
    1244:	9f 4f       	sbci	r25, 0xFF	; 255
    1246:	16 c0       	rjmp	.+44     	; 0x1274 <__floatsisf+0x6c>
    1248:	88 23       	and	r24, r24
    124a:	11 f0       	breq	.+4      	; 0x1250 <__floatsisf+0x48>
    124c:	96 e9       	ldi	r25, 0x96	; 150
    124e:	11 c0       	rjmp	.+34     	; 0x1272 <__floatsisf+0x6a>
    1250:	77 23       	and	r23, r23
    1252:	21 f0       	breq	.+8      	; 0x125c <__floatsisf+0x54>
    1254:	9e e8       	ldi	r25, 0x8E	; 142
    1256:	87 2f       	mov	r24, r23
    1258:	76 2f       	mov	r23, r22
    125a:	05 c0       	rjmp	.+10     	; 0x1266 <__floatsisf+0x5e>
    125c:	66 23       	and	r22, r22
    125e:	71 f0       	breq	.+28     	; 0x127c <__floatsisf+0x74>
    1260:	96 e8       	ldi	r25, 0x86	; 134
    1262:	86 2f       	mov	r24, r22
    1264:	70 e0       	ldi	r23, 0x00	; 0
    1266:	60 e0       	ldi	r22, 0x00	; 0
    1268:	2a f0       	brmi	.+10     	; 0x1274 <__floatsisf+0x6c>
    126a:	9a 95       	dec	r25
    126c:	66 0f       	add	r22, r22
    126e:	77 1f       	adc	r23, r23
    1270:	88 1f       	adc	r24, r24
    1272:	da f7       	brpl	.-10     	; 0x126a <__floatsisf+0x62>
    1274:	88 0f       	add	r24, r24
    1276:	96 95       	lsr	r25
    1278:	87 95       	ror	r24
    127a:	97 f9       	bld	r25, 7
    127c:	08 95       	ret

0000127e <__fp_inf>:
    127e:	97 f9       	bld	r25, 7
    1280:	9f 67       	ori	r25, 0x7F	; 127
    1282:	80 e8       	ldi	r24, 0x80	; 128
    1284:	70 e0       	ldi	r23, 0x00	; 0
    1286:	60 e0       	ldi	r22, 0x00	; 0
    1288:	08 95       	ret

0000128a <__fp_nan>:
    128a:	9f ef       	ldi	r25, 0xFF	; 255
    128c:	80 ec       	ldi	r24, 0xC0	; 192
    128e:	08 95       	ret

00001290 <__fp_pscA>:
    1290:	00 24       	eor	r0, r0
    1292:	0a 94       	dec	r0
    1294:	16 16       	cp	r1, r22
    1296:	17 06       	cpc	r1, r23
    1298:	18 06       	cpc	r1, r24
    129a:	09 06       	cpc	r0, r25
    129c:	08 95       	ret

0000129e <__fp_pscB>:
    129e:	00 24       	eor	r0, r0
    12a0:	0a 94       	dec	r0
    12a2:	12 16       	cp	r1, r18
    12a4:	13 06       	cpc	r1, r19
    12a6:	14 06       	cpc	r1, r20
    12a8:	05 06       	cpc	r0, r21
    12aa:	08 95       	ret

000012ac <__fp_round>:
    12ac:	09 2e       	mov	r0, r25
    12ae:	03 94       	inc	r0
    12b0:	00 0c       	add	r0, r0
    12b2:	11 f4       	brne	.+4      	; 0x12b8 <__fp_round+0xc>
    12b4:	88 23       	and	r24, r24
    12b6:	52 f0       	brmi	.+20     	; 0x12cc <__fp_round+0x20>
    12b8:	bb 0f       	add	r27, r27
    12ba:	40 f4       	brcc	.+16     	; 0x12cc <__fp_round+0x20>
    12bc:	bf 2b       	or	r27, r31
    12be:	11 f4       	brne	.+4      	; 0x12c4 <__fp_round+0x18>
    12c0:	60 ff       	sbrs	r22, 0
    12c2:	04 c0       	rjmp	.+8      	; 0x12cc <__fp_round+0x20>
    12c4:	6f 5f       	subi	r22, 0xFF	; 255
    12c6:	7f 4f       	sbci	r23, 0xFF	; 255
    12c8:	8f 4f       	sbci	r24, 0xFF	; 255
    12ca:	9f 4f       	sbci	r25, 0xFF	; 255
    12cc:	08 95       	ret

000012ce <__fp_split3>:
    12ce:	57 fd       	sbrc	r21, 7
    12d0:	90 58       	subi	r25, 0x80	; 128
    12d2:	44 0f       	add	r20, r20
    12d4:	55 1f       	adc	r21, r21
    12d6:	59 f0       	breq	.+22     	; 0x12ee <__fp_splitA+0x10>
    12d8:	5f 3f       	cpi	r21, 0xFF	; 255
    12da:	71 f0       	breq	.+28     	; 0x12f8 <__fp_splitA+0x1a>
    12dc:	47 95       	ror	r20

000012de <__fp_splitA>:
    12de:	88 0f       	add	r24, r24
    12e0:	97 fb       	bst	r25, 7
    12e2:	99 1f       	adc	r25, r25
    12e4:	61 f0       	breq	.+24     	; 0x12fe <__fp_splitA+0x20>
    12e6:	9f 3f       	cpi	r25, 0xFF	; 255
    12e8:	79 f0       	breq	.+30     	; 0x1308 <__fp_splitA+0x2a>
    12ea:	87 95       	ror	r24
    12ec:	08 95       	ret
    12ee:	12 16       	cp	r1, r18
    12f0:	13 06       	cpc	r1, r19
    12f2:	14 06       	cpc	r1, r20
    12f4:	55 1f       	adc	r21, r21
    12f6:	f2 cf       	rjmp	.-28     	; 0x12dc <__fp_split3+0xe>
    12f8:	46 95       	lsr	r20
    12fa:	f1 df       	rcall	.-30     	; 0x12de <__fp_splitA>
    12fc:	08 c0       	rjmp	.+16     	; 0x130e <__fp_splitA+0x30>
    12fe:	16 16       	cp	r1, r22
    1300:	17 06       	cpc	r1, r23
    1302:	18 06       	cpc	r1, r24
    1304:	99 1f       	adc	r25, r25
    1306:	f1 cf       	rjmp	.-30     	; 0x12ea <__fp_splitA+0xc>
    1308:	86 95       	lsr	r24
    130a:	71 05       	cpc	r23, r1
    130c:	61 05       	cpc	r22, r1
    130e:	08 94       	sec
    1310:	08 95       	ret

00001312 <__fp_zero>:
    1312:	e8 94       	clt

00001314 <__fp_szero>:
    1314:	bb 27       	eor	r27, r27
    1316:	66 27       	eor	r22, r22
    1318:	77 27       	eor	r23, r23
    131a:	cb 01       	movw	r24, r22
    131c:	97 f9       	bld	r25, 7
    131e:	08 95       	ret
    1320:	16 f0       	brts	.+4      	; 0x1326 <__fp_szero+0x12>
    1322:	0c 94 4d 0a 	jmp	0x149a	; 0x149a <__fp_mpack>
    1326:	0c 94 45 09 	jmp	0x128a	; 0x128a <__fp_nan>
    132a:	68 94       	set
    132c:	0c 94 3f 09 	jmp	0x127e	; 0x127e <__fp_inf>

00001330 <log>:
    1330:	0e 94 6f 09 	call	0x12de	; 0x12de <__fp_splitA>
    1334:	a8 f3       	brcs	.-22     	; 0x1320 <__fp_szero+0xc>
    1336:	99 23       	and	r25, r25
    1338:	c1 f3       	breq	.-16     	; 0x132a <__fp_szero+0x16>
    133a:	ae f3       	brts	.-22     	; 0x1326 <__fp_szero+0x12>
    133c:	df 93       	push	r29
    133e:	cf 93       	push	r28
    1340:	1f 93       	push	r17
    1342:	0f 93       	push	r16
    1344:	ff 92       	push	r15
    1346:	c9 2f       	mov	r28, r25
    1348:	dd 27       	eor	r29, r29
    134a:	88 23       	and	r24, r24
    134c:	2a f0       	brmi	.+10     	; 0x1358 <log+0x28>
    134e:	21 97       	sbiw	r28, 0x01	; 1
    1350:	66 0f       	add	r22, r22
    1352:	77 1f       	adc	r23, r23
    1354:	88 1f       	adc	r24, r24
    1356:	da f7       	brpl	.-10     	; 0x134e <log+0x1e>
    1358:	20 e0       	ldi	r18, 0x00	; 0
    135a:	30 e0       	ldi	r19, 0x00	; 0
    135c:	40 e8       	ldi	r20, 0x80	; 128
    135e:	5f eb       	ldi	r21, 0xBF	; 191
    1360:	9f e3       	ldi	r25, 0x3F	; 63
    1362:	88 39       	cpi	r24, 0x98	; 152
    1364:	20 f0       	brcs	.+8      	; 0x136e <log+0x3e>
    1366:	80 3e       	cpi	r24, 0xE0	; 224
    1368:	38 f0       	brcs	.+14     	; 0x1378 <log+0x48>
    136a:	21 96       	adiw	r28, 0x01	; 1
    136c:	8f 77       	andi	r24, 0x7F	; 127
    136e:	0e 94 ee 07 	call	0xfdc	; 0xfdc <__addsf3>
    1372:	e6 e7       	ldi	r30, 0x76	; 118
    1374:	f0 e0       	ldi	r31, 0x00	; 0
    1376:	04 c0       	rjmp	.+8      	; 0x1380 <log+0x50>
    1378:	0e 94 ee 07 	call	0xfdc	; 0xfdc <__addsf3>
    137c:	e3 ea       	ldi	r30, 0xA3	; 163
    137e:	f0 e0       	ldi	r31, 0x00	; 0
    1380:	0e 94 5b 0a 	call	0x14b6	; 0x14b6 <__fp_powser>
    1384:	8b 01       	movw	r16, r22
    1386:	be 01       	movw	r22, r28
    1388:	ec 01       	movw	r28, r24
    138a:	fb 2e       	mov	r15, r27
    138c:	6f 57       	subi	r22, 0x7F	; 127
    138e:	71 09       	sbc	r23, r1
    1390:	75 95       	asr	r23
    1392:	77 1f       	adc	r23, r23
    1394:	88 0b       	sbc	r24, r24
    1396:	99 0b       	sbc	r25, r25
    1398:	0e 94 04 09 	call	0x1208	; 0x1208 <__floatsisf>
    139c:	28 e1       	ldi	r18, 0x18	; 24
    139e:	32 e7       	ldi	r19, 0x72	; 114
    13a0:	41 e3       	ldi	r20, 0x31	; 49
    13a2:	5f e3       	ldi	r21, 0x3F	; 63
    13a4:	0e 94 f3 09 	call	0x13e6	; 0x13e6 <__mulsf3x>
    13a8:	af 2d       	mov	r26, r15
    13aa:	98 01       	movw	r18, r16
    13ac:	ae 01       	movw	r20, r28
    13ae:	ff 90       	pop	r15
    13b0:	0f 91       	pop	r16
    13b2:	1f 91       	pop	r17
    13b4:	cf 91       	pop	r28
    13b6:	df 91       	pop	r29
    13b8:	0e 94 05 08 	call	0x100a	; 0x100a <__addsf3x>
    13bc:	0c 94 56 09 	jmp	0x12ac	; 0x12ac <__fp_round>

000013c0 <__mulsf3>:
    13c0:	0e 94 f3 09 	call	0x13e6	; 0x13e6 <__mulsf3x>
    13c4:	0c 94 56 09 	jmp	0x12ac	; 0x12ac <__fp_round>
    13c8:	0e 94 48 09 	call	0x1290	; 0x1290 <__fp_pscA>
    13cc:	38 f0       	brcs	.+14     	; 0x13dc <__mulsf3+0x1c>
    13ce:	0e 94 4f 09 	call	0x129e	; 0x129e <__fp_pscB>
    13d2:	20 f0       	brcs	.+8      	; 0x13dc <__mulsf3+0x1c>
    13d4:	95 23       	and	r25, r21
    13d6:	11 f0       	breq	.+4      	; 0x13dc <__mulsf3+0x1c>
    13d8:	0c 94 3f 09 	jmp	0x127e	; 0x127e <__fp_inf>
    13dc:	0c 94 45 09 	jmp	0x128a	; 0x128a <__fp_nan>
    13e0:	11 24       	eor	r1, r1
    13e2:	0c 94 8a 09 	jmp	0x1314	; 0x1314 <__fp_szero>

000013e6 <__mulsf3x>:
    13e6:	0e 94 67 09 	call	0x12ce	; 0x12ce <__fp_split3>
    13ea:	70 f3       	brcs	.-36     	; 0x13c8 <__mulsf3+0x8>

000013ec <__mulsf3_pse>:
    13ec:	95 9f       	mul	r25, r21
    13ee:	c1 f3       	breq	.-16     	; 0x13e0 <__mulsf3+0x20>
    13f0:	95 0f       	add	r25, r21
    13f2:	50 e0       	ldi	r21, 0x00	; 0
    13f4:	55 1f       	adc	r21, r21
    13f6:	62 9f       	mul	r22, r18
    13f8:	f0 01       	movw	r30, r0
    13fa:	72 9f       	mul	r23, r18
    13fc:	bb 27       	eor	r27, r27
    13fe:	f0 0d       	add	r31, r0
    1400:	b1 1d       	adc	r27, r1
    1402:	63 9f       	mul	r22, r19
    1404:	aa 27       	eor	r26, r26
    1406:	f0 0d       	add	r31, r0
    1408:	b1 1d       	adc	r27, r1
    140a:	aa 1f       	adc	r26, r26
    140c:	64 9f       	mul	r22, r20
    140e:	66 27       	eor	r22, r22
    1410:	b0 0d       	add	r27, r0
    1412:	a1 1d       	adc	r26, r1
    1414:	66 1f       	adc	r22, r22
    1416:	82 9f       	mul	r24, r18
    1418:	22 27       	eor	r18, r18
    141a:	b0 0d       	add	r27, r0
    141c:	a1 1d       	adc	r26, r1
    141e:	62 1f       	adc	r22, r18
    1420:	73 9f       	mul	r23, r19
    1422:	b0 0d       	add	r27, r0
    1424:	a1 1d       	adc	r26, r1
    1426:	62 1f       	adc	r22, r18
    1428:	83 9f       	mul	r24, r19
    142a:	a0 0d       	add	r26, r0
    142c:	61 1d       	adc	r22, r1
    142e:	22 1f       	adc	r18, r18
    1430:	74 9f       	mul	r23, r20
    1432:	33 27       	eor	r19, r19
    1434:	a0 0d       	add	r26, r0
    1436:	61 1d       	adc	r22, r1
    1438:	23 1f       	adc	r18, r19
    143a:	84 9f       	mul	r24, r20
    143c:	60 0d       	add	r22, r0
    143e:	21 1d       	adc	r18, r1
    1440:	82 2f       	mov	r24, r18
    1442:	76 2f       	mov	r23, r22
    1444:	6a 2f       	mov	r22, r26
    1446:	11 24       	eor	r1, r1
    1448:	9f 57       	subi	r25, 0x7F	; 127
    144a:	50 40       	sbci	r21, 0x00	; 0
    144c:	9a f0       	brmi	.+38     	; 0x1474 <__mulsf3_pse+0x88>
    144e:	f1 f0       	breq	.+60     	; 0x148c <__mulsf3_pse+0xa0>
    1450:	88 23       	and	r24, r24
    1452:	4a f0       	brmi	.+18     	; 0x1466 <__mulsf3_pse+0x7a>
    1454:	ee 0f       	add	r30, r30
    1456:	ff 1f       	adc	r31, r31
    1458:	bb 1f       	adc	r27, r27
    145a:	66 1f       	adc	r22, r22
    145c:	77 1f       	adc	r23, r23
    145e:	88 1f       	adc	r24, r24
    1460:	91 50       	subi	r25, 0x01	; 1
    1462:	50 40       	sbci	r21, 0x00	; 0
    1464:	a9 f7       	brne	.-22     	; 0x1450 <__mulsf3_pse+0x64>
    1466:	9e 3f       	cpi	r25, 0xFE	; 254
    1468:	51 05       	cpc	r21, r1
    146a:	80 f0       	brcs	.+32     	; 0x148c <__mulsf3_pse+0xa0>
    146c:	0c 94 3f 09 	jmp	0x127e	; 0x127e <__fp_inf>
    1470:	0c 94 8a 09 	jmp	0x1314	; 0x1314 <__fp_szero>
    1474:	5f 3f       	cpi	r21, 0xFF	; 255
    1476:	e4 f3       	brlt	.-8      	; 0x1470 <__mulsf3_pse+0x84>
    1478:	98 3e       	cpi	r25, 0xE8	; 232
    147a:	d4 f3       	brlt	.-12     	; 0x1470 <__mulsf3_pse+0x84>
    147c:	86 95       	lsr	r24
    147e:	77 95       	ror	r23
    1480:	67 95       	ror	r22
    1482:	b7 95       	ror	r27
    1484:	f7 95       	ror	r31
    1486:	e7 95       	ror	r30
    1488:	9f 5f       	subi	r25, 0xFF	; 255
    148a:	c1 f7       	brne	.-16     	; 0x147c <__mulsf3_pse+0x90>
    148c:	fe 2b       	or	r31, r30
    148e:	88 0f       	add	r24, r24
    1490:	91 1d       	adc	r25, r1
    1492:	96 95       	lsr	r25
    1494:	87 95       	ror	r24
    1496:	97 f9       	bld	r25, 7
    1498:	08 95       	ret

0000149a <__fp_mpack>:
    149a:	9f 3f       	cpi	r25, 0xFF	; 255
    149c:	31 f0       	breq	.+12     	; 0x14aa <__fp_mpack_finite+0xc>

0000149e <__fp_mpack_finite>:
    149e:	91 50       	subi	r25, 0x01	; 1
    14a0:	20 f4       	brcc	.+8      	; 0x14aa <__fp_mpack_finite+0xc>
    14a2:	87 95       	ror	r24
    14a4:	77 95       	ror	r23
    14a6:	67 95       	ror	r22
    14a8:	b7 95       	ror	r27
    14aa:	88 0f       	add	r24, r24
    14ac:	91 1d       	adc	r25, r1
    14ae:	96 95       	lsr	r25
    14b0:	87 95       	ror	r24
    14b2:	97 f9       	bld	r25, 7
    14b4:	08 95       	ret

000014b6 <__fp_powser>:
    14b6:	df 93       	push	r29
    14b8:	cf 93       	push	r28
    14ba:	1f 93       	push	r17
    14bc:	0f 93       	push	r16
    14be:	ff 92       	push	r15
    14c0:	ef 92       	push	r14
    14c2:	df 92       	push	r13
    14c4:	7b 01       	movw	r14, r22
    14c6:	8c 01       	movw	r16, r24
    14c8:	68 94       	set
    14ca:	06 c0       	rjmp	.+12     	; 0x14d8 <__fp_powser+0x22>
    14cc:	da 2e       	mov	r13, r26
    14ce:	ef 01       	movw	r28, r30
    14d0:	0e 94 f3 09 	call	0x13e6	; 0x13e6 <__mulsf3x>
    14d4:	fe 01       	movw	r30, r28
    14d6:	e8 94       	clt
    14d8:	a5 91       	lpm	r26, Z+
    14da:	25 91       	lpm	r18, Z+
    14dc:	35 91       	lpm	r19, Z+
    14de:	45 91       	lpm	r20, Z+
    14e0:	55 91       	lpm	r21, Z+
    14e2:	a6 f3       	brts	.-24     	; 0x14cc <__fp_powser+0x16>
    14e4:	ef 01       	movw	r28, r30
    14e6:	0e 94 05 08 	call	0x100a	; 0x100a <__addsf3x>
    14ea:	fe 01       	movw	r30, r28
    14ec:	97 01       	movw	r18, r14
    14ee:	a8 01       	movw	r20, r16
    14f0:	da 94       	dec	r13
    14f2:	69 f7       	brne	.-38     	; 0x14ce <__fp_powser+0x18>
    14f4:	df 90       	pop	r13
    14f6:	ef 90       	pop	r14
    14f8:	ff 90       	pop	r15
    14fa:	0f 91       	pop	r16
    14fc:	1f 91       	pop	r17
    14fe:	cf 91       	pop	r28
    1500:	df 91       	pop	r29
    1502:	08 95       	ret

00001504 <__udivmodhi4>:
    1504:	aa 1b       	sub	r26, r26
    1506:	bb 1b       	sub	r27, r27
    1508:	51 e1       	ldi	r21, 0x11	; 17
    150a:	07 c0       	rjmp	.+14     	; 0x151a <__udivmodhi4_ep>

0000150c <__udivmodhi4_loop>:
    150c:	aa 1f       	adc	r26, r26
    150e:	bb 1f       	adc	r27, r27
    1510:	a6 17       	cp	r26, r22
    1512:	b7 07       	cpc	r27, r23
    1514:	10 f0       	brcs	.+4      	; 0x151a <__udivmodhi4_ep>
    1516:	a6 1b       	sub	r26, r22
    1518:	b7 0b       	sbc	r27, r23

0000151a <__udivmodhi4_ep>:
    151a:	88 1f       	adc	r24, r24
    151c:	99 1f       	adc	r25, r25
    151e:	5a 95       	dec	r21
    1520:	a9 f7       	brne	.-22     	; 0x150c <__udivmodhi4_loop>
    1522:	80 95       	com	r24
    1524:	90 95       	com	r25
    1526:	bc 01       	movw	r22, r24
    1528:	cd 01       	movw	r24, r26
    152a:	08 95       	ret

0000152c <__divmodhi4>:
    152c:	97 fb       	bst	r25, 7
    152e:	07 2e       	mov	r0, r23
    1530:	16 f4       	brtc	.+4      	; 0x1536 <__divmodhi4+0xa>
    1532:	00 94       	com	r0
    1534:	07 d0       	rcall	.+14     	; 0x1544 <__divmodhi4_neg1>
    1536:	77 fd       	sbrc	r23, 7
    1538:	09 d0       	rcall	.+18     	; 0x154c <__divmodhi4_neg2>
    153a:	0e 94 82 0a 	call	0x1504	; 0x1504 <__udivmodhi4>
    153e:	07 fc       	sbrc	r0, 7
    1540:	05 d0       	rcall	.+10     	; 0x154c <__divmodhi4_neg2>
    1542:	3e f4       	brtc	.+14     	; 0x1552 <__divmodhi4_exit>

00001544 <__divmodhi4_neg1>:
    1544:	90 95       	com	r25
    1546:	81 95       	neg	r24
    1548:	9f 4f       	sbci	r25, 0xFF	; 255
    154a:	08 95       	ret

0000154c <__divmodhi4_neg2>:
    154c:	70 95       	com	r23
    154e:	61 95       	neg	r22
    1550:	7f 4f       	sbci	r23, 0xFF	; 255

00001552 <__divmodhi4_exit>:
    1552:	08 95       	ret

00001554 <__tablejump2__>:
    1554:	ee 0f       	add	r30, r30
    1556:	ff 1f       	adc	r31, r31
    1558:	05 90       	lpm	r0, Z+
    155a:	f4 91       	lpm	r31, Z
    155c:	e0 2d       	mov	r30, r0
    155e:	09 94       	ijmp

00001560 <strcmp>:
    1560:	fb 01       	movw	r30, r22
    1562:	dc 01       	movw	r26, r24
    1564:	8d 91       	ld	r24, X+
    1566:	01 90       	ld	r0, Z+
    1568:	80 19       	sub	r24, r0
    156a:	01 10       	cpse	r0, r1
    156c:	d9 f3       	breq	.-10     	; 0x1564 <strcmp+0x4>
    156e:	99 0b       	sbc	r25, r25
    1570:	08 95       	ret

00001572 <eeprom_read_byte>:
    1572:	f9 99       	sbic	0x1f, 1	; 31
    1574:	fe cf       	rjmp	.-4      	; 0x1572 <eeprom_read_byte>
    1576:	92 bd       	out	0x22, r25	; 34
    1578:	81 bd       	out	0x21, r24	; 33
    157a:	f8 9a       	sbi	0x1f, 0	; 31
    157c:	99 27       	eor	r25, r25
    157e:	80 b5       	in	r24, 0x20	; 32
    1580:	08 95       	ret

00001582 <_exit>:
    1582:	f8 94       	cli

00001584 <__stop_program>:
    1584:	ff cf       	rjmp	.-2      	; 0x1584 <__stop_program>
